[Licensing::Module] Trying to connect to existing licensing client channel...
Built from '6000.5/staging' branch; Version is '6000.5.6f1 (0e0577a1a2ac) revision 918903'; Using compiler version '194234433'; Build Type 'Release'
OS: 'Windows 10  (10.0.19045) 64bit Education' Language: 'es' Physical Memory: 32633 MB
BatchMode: 1, IsHumanControllingUs: 0, StartBugReporterOnCrash: 0, Is64bit: 1
[Licensing::IpcConnector] Successfully connected to: "LicenseClient-Estudiante" at "2026-09-15T15:42:35.0203674Z"
System  architecture: x64
Process architecture: x64
Date: 2026-09-15T15:42:35Z

COMMAND LINE ARGUMENTS:
C:\Program Files\Unity\Hub\Editor\6000.5.6f1\Editor\Unity.exe
-batchmode
-nographics
-quit
-projectPath
C:\Users\Usuariocc\Downloads\Avion_VR\Avion_VR
-executeMethod
AvionesPapelVR.Editor.AvionesPapelAssetBuilder.BuildAllBatch
-logFile
C:\Users\Usuariocc\Downloads\Avion_VR\Avion_VR\Logs\avion_asset_build.log
Successfully changed project path to: C:\Users\Usuariocc\Downloads\Avion_VR\Avion_VR
C:/Users/Usuariocc/Downloads/Avion_VR/Avion_VR
[UnityMemory] Configuration Parameters - Can be set up in boot.config
    "memorysetup-temp-allocator-size-gi-baking-worker=262144"
    "memorysetup-temp-allocator-size-gi-baking-worker=262144"
    "memorysetup-temp-allocator-size-gi-baking-worker=262144"
    "memorysetup-temp-allocator-size-gi-baking-worker=262144"
    "memorysetup-temp-allocator-size-gi-baking-worker=262144"
    "memorysetup-temp-allocator-size-nav-mesh-worker=65536"
    "memorysetup-temp-allocator-size-audio-worker=65536"
    "memorysetup-temp-allocator-size-cloud-worker=32768"
    "memorysetup-temp-allocator-size-gfx=262144"
    "memorysetup-temp-allocator-size-preload-manager=33554432"
    "memorysetup-allocator-temp-initial-block-size-main=262144"
    "memorysetup-allocator-temp-initial-block-size-worker=262144"
    "memorysetup-temp-allocator-size-job-worker=262144"
    "memorysetup-temp-allocator-size-background-worker=32768"
    "memorysetup-bucket-allocator-granularity=16"
    "memorysetup-bucket-allocator-bucket-count=8"
    "memorysetup-bucket-allocator-block-size=33554432"
    "memorysetup-bucket-allocator-block-count=8"
    "memorysetup-main-allocator-block-size=16777216"
    "memorysetup-thread-allocator-block-size=16777216"
    "memorysetup-main-allocator-mimalloc-enabled=0"
    "memorysetup-gfx-main-allocator-block-size=16777216"
    "memorysetup-gfx-thread-allocator-block-size=16777216"
    "memorysetup-cache-allocator-block-size=4194304"
    "memorysetup-typetree-allocator-block-size=2097152"
    "memorysetup-profiler-bucket-allocator-granularity=16"
    "memorysetup-profiler-bucket-allocator-bucket-count=8"
    "memorysetup-profiler-bucket-allocator-block-size=33554432"
    "memorysetup-profiler-bucket-allocator-block-count=8"
    "memorysetup-profiler-allocator-block-size=16777216"
    "memorysetup-profiler-editor-allocator-block-size=1048576"
    "memorysetup-temp-allocator-size-main=16777216"
    "memorysetup-job-temp-allocator-block-size=2097152"
    "memorysetup-job-temp-allocator-block-size-background=1048576"
    "memorysetup-job-temp-allocator-reduction-small-platforms=262144"
Logging is directed to a specific file, skipping project log.Player connection [11108]  Target information:

Player connection [11108]  * "[IP] 192.168.13.44 [Port] 55504 [Flags] 2 [Guid] 4023406352 [EditorId] 4023406352 [Version] 1048832 [Id] WindowsEditor(7,T104-17) [Debug] 1 [PackageName] WindowsEditor [ProjectName] Editor" 

Player connection [11108]  * "[IP] 172.20.144.1 [Port] 55504 [Flags] 2 [Guid] 4023406352 [EditorId] 4023406352 [Version] 1048832 [Id] WindowsEditor(7,T104-17) [Debug] 1 [PackageName] WindowsEditor [ProjectName] Editor" 

Player connection [11108] Host joined multi-casting on [225.0.0.222:54997]...
Player connection [11108] Host joined alternative multi-casting on [225.0.0.222:34997]...
Input System module state changed to: Initialized.
[Physics::Module] Initialized fallback backend.
[Physics::Module] Id: 0xdecafbad
[Package Manager] Connected to IPC stream "Upm-16388" after 0.3 seconds.
[Licensing::Module] Licensing is not yet initialized.
[Licensing::Client] Error: HandshakeResponse reported an error:
	ResponseCode: 505
	ResponseStatus: Unsupported protocol version '1.18.1'.
[Licensing::Module] Error: Failed to handshake to channel: "LicenseClient-Estudiante"
[Licensing::IpcConnector] LicenseClient-Estudiante channel disconnected successfully.
[Licensing::IpcConnector] Channel LicenseClient-Estudiante-6000.5.6 doesn't exist
[Licensing::Module] Successfully launched the LicensingClient (PId: 3016)
[Licensing::IpcConnector] Successfully connected to: "LicenseClient-Estudiante-6000.5.6" at "2026-09-15T15:42:36.8854994Z"
[Licensing::Client] Code 10 while verifying Licensing Client signature (process Id: 3016, path: "C:/Program Files/Unity/Hub/Editor/6000.5.6f1/Editor/Data/Resources/Licensing/Client/Unity.Licensing.Client.exe")
[Licensing::Module] LicensingClient has failed validation; ignoring
[Licensing::Client] Handshaking with LicensingClient:
  Version:                 1.18.1+9fbee8e
  Session Id:              8538a88519ba405986abf446e65af4a4
  Correlation Id:          08018a9bc49b3c77fb75e29f4add941c
  External correlation Id: 434139870517575795
  Machine Id:              BtbdYcF6I2VzYuB+8wJirjDI9oo=
[Licensing::Module] Successfully connected to LicensingClient on channel: "LicenseClient-Estudiante-6000.5.6" (connect: 0.37s, validation: 0.16s, handshake: 0.01s)
[Licensing::IpcConnector] Successfully connected to: "LicenseClient-Estudiante-6000.5.6-notifications" at "2026-09-15T15:42:37.0490292Z"
[Licensing::Module] Connected to LicensingClient (PId: 3016, launch time: 0.00, total connection time: 0.54s)
[Licensing::Module] Error: Access token is unavailable; failed to update
[Licensing::Client] Successfully resolved entitlement details
[Licensing::Module] License group:
  Id: 4674117483490-UnityPersXXXX
  Product: Unity Personal
  Type: Assigned
  Expiration: Unlimited
[Licensing::Client] Successfully updated license, isAsync: True, time: 0.01
[Licensing::Client] Successfully resolved entitlement details
[Licensing::Module] Licensing Background thread has ended after 2.08s
[Licensing::Module] Licensing is initialized (took 1.62s).
[Licensing::Client] Successfully resolved entitlement details
Library Redirect Path: Library/
[Physics::Module] Selected backend.
[Physics::Module] Name: PhysX
[Physics::Module] Id: 0xf2b8ea05
[Physics::Module] SDK Version: 4.1.2
[Physics::Module] Integration Version: 1.0.0
[Physics::Module] Threading Mode: Multi-Threaded
Artifact Garbage Collection - Removed 827 unused hashed content files
Refreshing native plugins compatible for Editor in 2.27 ms, found 0 plugins.
Initialize engine version: 6000.5.6f1 (0e0577a1a2ac)
[Subsystems] Discovering subsystems at path C:/Program Files/Unity/Hub/Editor/6000.5.6f1/Editor/Data/Resources/UnitySubsystems
[Subsystems] Discovering subsystems at path C:/Users/Usuariocc/Downloads/Avion_VR/Avion_VR/Assets
Forcing GfxDevice: Null
GfxDevice: creating device client; kGfxThreadingModeNonThreaded
NullGfxDevice:
    Version:  NULL 1.0 [1.0]
    Renderer: Null Device
    Vendor:   Unity Technologies
Initialize mono
Mono path[0] = 'C:/Program Files/Unity/Hub/Editor/6000.5.6f1/Editor/Data/Managed'
Mono path[1] = 'C:/Program Files/Unity/Hub/Editor/6000.5.6f1/Editor/Data/BCLExtensions/runtime/netstandard2.1'
Mono path[2] = 'C:/Program Files/Unity/Hub/Editor/6000.5.6f1/Editor/Data/MonoBleedingEdge/lib/mono/unityjit-win32'
Mono config path = 'C:/Program Files/Unity/Hub/Editor/6000.5.6f1/Editor/Data/MonoBleedingEdge/etc'
Using monoOptions --debugger-agent=transport=dt_socket,embedding=1,server=y,suspend=n,address=127.0.0.1:56388
CodeReloadManager initialized
ImportWorker Server TCP listen port: 0
AcceleratorClientConnectionCallback - disconnected - :0
Begin MonoManager ReloadAssembly
Registering precompiled unity dll's ...
Register platform support module: C:/Program Files/Unity/Hub/Editor/6000.5.6f1/Editor/Data/PlaybackEngines/WebGLSupport/UnityEditor.WebGL.Extensions.dll
Register platform support module: C:/Program Files/Unity/Hub/Editor/6000.5.6f1/Editor/Data/PlaybackEngines/WindowsStandaloneSupport/UnityEditor.WindowsStandalone.Extensions.dll
Registered in 0.002891 seconds.
Native extension for WindowsStandalone target not found
Native extension for WebGL target not found
Package Manager log level set to [2]
ScheduleIndexationOnStartup MainProcess:False IndexOnStartup:True
Mono: successfully reloaded assembly
- Finished resetting the current domain, in  0.532 seconds
Domain Reload Profiling: 1254ms
	BeginReloadAssembly (198ms)
		CreateAndSetChildDomain (18ms)
	RebuildCommonClasses (7ms)
	RebuildNativeTypeToScriptingClass (24ms)
	initialDomainReloadingComplete (85ms)
	LoadAllAssembliesAndSetupDomain (405ms)
		LoadAssemblies (177ms)
		AnalyzeDomain (296ms)
			TypeCache.Refresh (294ms)
				TypeCache.ScanAssembly (275ms)
	FinalizeReload (535ms)
		SetupLoadedEditorAssemblies (0ms)
			InitializePlatformSupportModulesInManaged (3ms)
			BeforeProcessingInitializeOnLoad (122ms)
			ProcessInitializeOnLoadAttributes (132ms)
			ProcessInitializeOnLoadMethodAttributes (177ms)
[Licensing::Client] Successfully resolved entitlement details
Application.AssetDatabase Initial Refresh Start
[Package Manager] Restoring resolved packages state from cache
[Licensing::Client] Successfully resolved entitlement details
[Package Manager] Registered 69 packages:
  Packages from [https://packages.unity.com]:
    com.unity.inputsystem@1.20.0 (location: C:\Users\Usuariocc\Downloads\Avion_VR\Avion_VR\Library\PackageCache\com.unity.inputsystem@7a4e1a2a8194)
    com.unity.learn.iet-framework@6.0.6 (location: C:\Users\Usuariocc\Downloads\Avion_VR\Avion_VR\Library\PackageCache\com.unity.learn.iet-framework@20adddfea631)
    com.unity.xr.androidxr-openxr@1.3.1 (location: C:\Users\Usuariocc\Downloads\Avion_VR\Avion_VR\Library\PackageCache\com.unity.xr.androidxr-openxr@85a4ea3b26b6)
    com.unity.xr.arfoundation@6.5.0 (location: C:\Users\Usuariocc\Downloads\Avion_VR\Avion_VR\Library\PackageCache\com.unity.xr.arfoundation@13d2457b468b)
    com.unity.xr.compositionlayers@2.5.0 (location: C:\Users\Usuariocc\Downloads\Avion_VR\Avion_VR\Library\PackageCache\com.unity.xr.compositionlayers@2843cb312e13)
    com.unity.xr.core-utils@2.6.0 (location: C:\Users\Usuariocc\Downloads\Avion_VR\Avion_VR\Library\PackageCache\com.unity.xr.core-utils@a8b900321199)
    com.unity.xr.hands@1.8.1 (location: C:\Users\Usuariocc\Downloads\Avion_VR\Avion_VR\Library\PackageCache\com.unity.xr.hands@0908de89928b)
    com.unity.xr.interaction.toolkit@3.5.1 (location: C:\Users\Usuariocc\Downloads\Avion_VR\Avion_VR\Library\PackageCache\com.unity.xr.interaction.toolkit@63ca3b7ce776)
    com.unity.xr.management@4.6.0 (location: C:\Users\Usuariocc\Downloads\Avion_VR\Avion_VR\Library\PackageCache\com.unity.xr.management@ca5b202bb583)
    com.unity.xr.meta-openxr@2.5.1 (location: C:\Users\Usuariocc\Downloads\Avion_VR\Avion_VR\Library\PackageCache\com.unity.xr.meta-openxr@6d169a09f2c7)
    com.unity.xr.openxr@1.17.1 (location: C:\Users\Usuariocc\Downloads\Avion_VR\Avion_VR\Library\PackageCache\com.unity.xr.openxr@58837b2992e0)
    com.unity.xr.legacyinputhelpers@3.0.1 (location: C:\Users\Usuariocc\Downloads\Avion_VR\Avion_VR\Library\PackageCache\com.unity.xr.legacyinputhelpers@3f62d634f63b)
    com.unity.editorcoroutines@1.1.0 (location: C:\Users\Usuariocc\Downloads\Avion_VR\Avion_VR\Library\PackageCache\com.unity.editorcoroutines@87a15ed012c2)
    com.unity.settings-manager@2.1.1 (location: C:\Users\Usuariocc\Downloads\Avion_VR\Avion_VR\Library\PackageCache\com.unity.settings-manager@0b8638c5ce86)
    com.unity.ide.visualstudio@2.0.26 (location: C:\Users\Usuariocc\Downloads\Avion_VR\Avion_VR\Library\PackageCache\com.unity.ide.visualstudio@a99d56dec63f)
    com.unity.ide.rider@3.0.40 (location: C:\Users\Usuariocc\Downloads\Avion_VR\Avion_VR\Library\PackageCache\com.unity.ide.rider@e4950c6d131b)
    com.unity.performance.profile-analyzer@1.4.0 (location: C:\Users\Usuariocc\Downloads\Avion_VR\Avion_VR\Library\PackageCache\com.unity.performance.profile-analyzer@2bb26871883c)
    com.unity.testtools.codecoverage@1.3.0 (location: C:\Users\Usuariocc\Downloads\Avion_VR\Avion_VR\Library\PackageCache\com.unity.testtools.codecoverage@19a841221620)
    com.unity.searcher@4.9.4 (location: C:\Users\Usuariocc\Downloads\Avion_VR\Avion_VR\Library\PackageCache\com.unity.searcher@d45a78918735)
    com.unity.burst@1.8.29 (location: C:\Users\Usuariocc\Downloads\Avion_VR\Avion_VR\Library\PackageCache\com.unity.burst@6bb9aca3ef38)
    com.unity.nuget.mono-cecil@1.11.6 (location: C:\Users\Usuariocc\Downloads\Avion_VR\Avion_VR\Library\PackageCache\com.unity.nuget.mono-cecil@ecb9724e46ff)
    com.unity.test-framework.performance@3.5.0 (location: C:\Users\Usuariocc\Downloads\Avion_VR\Avion_VR\Library\PackageCache\com.unity.test-framework.performance@8b56083ec0f0)
  Built-in packages:
    com.unity.feature.development@1.0.2 (location: C:\Users\Usuariocc\Downloads\Avion_VR\Avion_VR\Library\PackageCache\com.unity.feature.development@767aadbc6eb7)
    com.unity.multiplayer.center@1.0.1 (location: C:\Users\Usuariocc\Downloads\Avion_VR\Avion_VR\Library\PackageCache\com.unity.multiplayer.center@b860850997d0)
    com.unity.render-pipelines.universal@17.5.0 (location: C:\Users\Usuariocc\Downloads\Avion_VR\Avion_VR\Library\PackageCache\com.unity.render-pipelines.universal@73b4c4ff130e)
    com.unity.modules.accessibility@1.0.0 (location: C:\Users\Usuariocc\Downloads\Avion_VR\Avion_VR\Library\PackageCache\com.unity.modules.accessibility)
    com.unity.modules.adaptiveperformance@1.0.0 (location: C:\Users\Usuariocc\Downloads\Avion_VR\Avion_VR\Library\PackageCache\com.unity.modules.adaptiveperformance)
    com.unity.modules.ai@1.0.0 (location: C:\Users\Usuariocc\Downloads\Avion_VR\Avion_VR\Library\PackageCache\com.unity.modules.ai)
    com.unity.modules.androidjni@1.0.0 (location: C:\Users\Usuariocc\Downloads\Avion_VR\Avion_VR\Library\PackageCache\com.unity.modules.androidjni)
    com.unity.modules.animation@1.0.0 (location: C:\Users\Usuariocc\Downloads\Avion_VR\Avion_VR\Library\PackageCache\com.unity.modules.animation)
    com.unity.modules.assetbundle@1.0.0 (location: C:\Users\Usuariocc\Downloads\Avion_VR\Avion_VR\Library\PackageCache\com.unity.modules.assetbundle)
    com.unity.modules.audio@1.0.0 (location: C:\Users\Usuariocc\Downloads\Avion_VR\Avion_VR\Library\PackageCache\com.unity.modules.audio)
    com.unity.modules.cloth@1.0.0 (location: C:\Users\Usuariocc\Downloads\Avion_VR\Avion_VR\Library\PackageCache\com.unity.modules.cloth)
    com.unity.modules.director@1.0.0 (location: C:\Users\Usuariocc\Downloads\Avion_VR\Avion_VR\Library\PackageCache\com.unity.modules.director)
    com.unity.modules.imageconversion@1.0.0 (location: C:\Users\Usuariocc\Downloads\Avion_VR\Avion_VR\Library\PackageCache\com.unity.modules.imageconversion)
    com.unity.modules.imgui@1.0.0 (location: C:\Users\Usuariocc\Downloads\Avion_VR\Avion_VR\Library\PackageCache\com.unity.modules.imgui)
    com.unity.modules.jsonserialize@1.0.0 (location: C:\Users\Usuariocc\Downloads\Avion_VR\Avion_VR\Library\PackageCache\com.unity.modules.jsonserialize)
    com.unity.modules.particlesystem@1.0.0 (location: C:\Users\Usuariocc\Downloads\Avion_VR\Avion_VR\Library\PackageCache\com.unity.modules.particlesystem)
    com.unity.modules.physics@1.0.0 (location: C:\Users\Usuariocc\Downloads\Avion_VR\Avion_VR\Library\PackageCache\com.unity.modules.physics)
    com.unity.modules.physics2d@1.0.0 (location: C:\Users\Usuariocc\Downloads\Avion_VR\Avion_VR\Library\PackageCache\com.unity.modules.physics2d)
    com.unity.modules.physicscore2d@1.0.0 (location: C:\Users\Usuariocc\Downloads\Avion_VR\Avion_VR\Library\PackageCache\com.unity.modules.physicscore2d)
    com.unity.modules.screencapture@1.0.0 (location: C:\Users\Usuariocc\Downloads\Avion_VR\Avion_VR\Library\PackageCache\com.unity.modules.screencapture)
    com.unity.modules.terrain@1.0.0 (location: C:\Users\Usuariocc\Downloads\Avion_VR\Avion_VR\Library\PackageCache\com.unity.modules.terrain)
    com.unity.modules.terrainphysics@1.0.0 (location: C:\Users\Usuariocc\Downloads\Avion_VR\Avion_VR\Library\PackageCache\com.unity.modules.terrainphysics)
    com.unity.modules.tilemap@1.0.0 (location: C:\Users\Usuariocc\Downloads\Avion_VR\Avion_VR\Library\PackageCache\com.unity.modules.tilemap)
    com.unity.modules.ui@1.0.0 (location: C:\Users\Usuariocc\Downloads\Avion_VR\Avion_VR\Library\PackageCache\com.unity.modules.ui)
    com.unity.modules.uielements@1.0.0 (location: C:\Users\Usuariocc\Downloads\Avion_VR\Avion_VR\Library\PackageCache\com.unity.modules.uielements)
    com.unity.modules.umbra@1.0.0 (location: C:\Users\Usuariocc\Downloads\Avion_VR\Avion_VR\Library\PackageCache\com.unity.modules.umbra)
    com.unity.modules.unityanalytics@1.0.0 (location: C:\Users\Usuariocc\Downloads\Avion_VR\Avion_VR\Library\PackageCache\com.unity.modules.unityanalytics)
    com.unity.modules.unitywebrequest@1.0.0 (location: C:\Users\Usuariocc\Downloads\Avion_VR\Avion_VR\Library\PackageCache\com.unity.modules.unitywebrequest)
    com.unity.modules.unitywebrequestassetbundle@1.0.0 (location: C:\Users\Usuariocc\Downloads\Avion_VR\Avion_VR\Library\PackageCache\com.unity.modules.unitywebrequestassetbundle)
    com.unity.modules.unitywebrequestaudio@1.0.0 (location: C:\Users\Usuariocc\Downloads\Avion_VR\Avion_VR\Library\PackageCache\com.unity.modules.unitywebrequestaudio)
    com.unity.modules.unitywebrequesttexture@1.0.0 (location: C:\Users\Usuariocc\Downloads\Avion_VR\Avion_VR\Library\PackageCache\com.unity.modules.unitywebrequesttexture)
    com.unity.modules.unitywebrequestwww@1.0.0 (location: C:\Users\Usuariocc\Downloads\Avion_VR\Avion_VR\Library\PackageCache\com.unity.modules.unitywebrequestwww)
    com.unity.modules.vectorgraphics@1.0.0 (location: C:\Users\Usuariocc\Downloads\Avion_VR\Avion_VR\Library\PackageCache\com.unity.modules.vectorgraphics)
    com.unity.modules.vehicles@1.0.0 (location: C:\Users\Usuariocc\Downloads\Avion_VR\Avion_VR\Library\PackageCache\com.unity.modules.vehicles)
    com.unity.modules.video@1.0.0 (location: C:\Users\Usuariocc\Downloads\Avion_VR\Avion_VR\Library\PackageCache\com.unity.modules.video)
    com.unity.modules.wind@1.0.0 (location: C:\Users\Usuariocc\Downloads\Avion_VR\Avion_VR\Library\PackageCache\com.unity.modules.wind)
    com.unity.modules.xr@1.0.0 (location: C:\Users\Usuariocc\Downloads\Avion_VR\Avion_VR\Library\PackageCache\com.unity.modules.xr)
    com.unity.modules.subsystems@1.0.0 (location: C:\Users\Usuariocc\Downloads\Avion_VR\Avion_VR\Library\PackageCache\com.unity.modules.subsystems)
    com.unity.modules.hierarchycore@1.0.0 (location: C:\Users\Usuariocc\Downloads\Avion_VR\Avion_VR\Library\PackageCache\com.unity.modules.hierarchycore)
    com.unity.ugui@2.5.0 (location: C:\Users\Usuariocc\Downloads\Avion_VR\Avion_VR\Library\PackageCache\com.unity.ugui@67707a67a4ab)
    com.unity.mathematics@1.4.0 (location: C:\Users\Usuariocc\Downloads\Avion_VR\Avion_VR\Library\PackageCache\com.unity.mathematics@981956d94fb6)
    com.unity.render-pipelines.core@17.5.0 (location: C:\Users\Usuariocc\Downloads\Avion_VR\Avion_VR\Library\PackageCache\com.unity.render-pipelines.core@645717f21c5f)
    com.unity.shadergraph@17.5.0 (location: C:\Users\Usuariocc\Downloads\Avion_VR\Avion_VR\Library\PackageCache\com.unity.shadergraph@8d7376ec43ee)
    com.unity.render-pipelines.universal-config@17.5.0 (location: C:\Users\Usuariocc\Downloads\Avion_VR\Avion_VR\Library\PackageCache\com.unity.render-pipelines.universal-config@fdda01c80fe3)
    com.unity.test-framework@1.7.0 (location: C:\Users\Usuariocc\Downloads\Avion_VR\Avion_VR\Library\PackageCache\com.unity.test-framework@1405238725ab)
    com.unity.collections@6.5.0 (location: C:\Users\Usuariocc\Downloads\Avion_VR\Avion_VR\Library\PackageCache\com.unity.collections@a43cabe808ca)
    com.unity.ext.nunit@2.1.0 (location: C:\Users\Usuariocc\Downloads\Avion_VR\Avion_VR\Library\PackageCache\com.unity.ext.nunit@44f7d31723bd)
[Subsystems] Looking for new subsystems at path C:\Users\Usuariocc\Downloads\Avion_VR\Avion_VR\Library\PackageCache\com.unity.xr.arfoundation@13d2457b468b
[Subsystems] Novel subsystem found at Library/PackageCache/com.unity.xr.arfoundation@13d2457b468b/Runtime/UnitySubsystemsManifest.json
[Subsystems] Discovering subsystems at path C:/Program Files/Unity/Hub/Editor/6000.5.6f1/Editor/Data/Resources/UnitySubsystems
[Subsystems] Discovering subsystems at path C:/Users/Usuariocc/Downloads/Avion_VR/Avion_VR/Assets
[Subsystems] Discovering subsystems at path C:\Users\Usuariocc\Downloads\Avion_VR\Avion_VR\Library\PackageCache\com.unity.xr.arfoundation@13d2457b468b
[Subsystems] No descriptors matched for  examples in Library/PackageCache/com.unity.xr.arfoundation@13d2457b468b/Runtime/UnitySubsystemsManifest.json.
[Subsystems] 1 'inputs' descriptors matched in Library/PackageCache/com.unity.xr.arfoundation@13d2457b468b/Runtime/UnitySubsystemsManifest.json
[Subsystems] No descriptors matched for  displays in Library/PackageCache/com.unity.xr.arfoundation@13d2457b468b/Runtime/UnitySubsystemsManifest.json.
[Subsystems] 1 'meshings' descriptors matched in Library/PackageCache/com.unity.xr.arfoundation@13d2457b468b/Runtime/UnitySubsystemsManifest.json
[Subsystems] Discovering subsystems at path C:\Users\Usuariocc\Downloads\Avion_VR\Avion_VR\Library\PackageCache\com.unity.xr.meta-openxr@6d169a09f2c7
[Subsystems] No descriptors matched for  examples in Library/PackageCache/com.unity.xr.meta-openxr@6d169a09f2c7/Runtime/UnitySubsystemsManifest.json.
[Subsystems] No descriptors matched for  inputs in Library/PackageCache/com.unity.xr.meta-openxr@6d169a09f2c7/Runtime/UnitySubsystemsManifest.json.
[Subsystems] No descriptors matched for  displays in Library/PackageCache/com.unity.xr.meta-openxr@6d169a09f2c7/Runtime/UnitySubsystemsManifest.json.
[Subsystems] 1 'meshings' descriptors matched in Library/PackageCache/com.unity.xr.meta-openxr@6d169a09f2c7/Runtime/UnitySubsystemsManifest.json
[Subsystems] Discovering subsystems at path C:\Users\Usuariocc\Downloads\Avion_VR\Avion_VR\Library\PackageCache\com.unity.xr.openxr@58837b2992e0
[Subsystems] No descriptors matched for  examples in Library/PackageCache/com.unity.xr.openxr@58837b2992e0/Runtime/UnitySubsystemsManifest.json.
[Subsystems] 1 'inputs' descriptors matched in Library/PackageCache/com.unity.xr.openxr@58837b2992e0/Runtime/UnitySubsystemsManifest.json
[Subsystems] 1 'displays' descriptors matched in Library/PackageCache/com.unity.xr.openxr@58837b2992e0/Runtime/UnitySubsystemsManifest.json
[Subsystems] No descriptors matched for  meshings in Library/PackageCache/com.unity.xr.openxr@58837b2992e0/Runtime/UnitySubsystemsManifest.json.
[Package Manager] Done registering packages in 0.04 seconds
[ScriptCompilation] Requested script compilation because: AssetDatabase observed changes in script compilation related files
Starting: C:\Program Files\Unity\Hub\Editor\6000.5.6f1\Editor\Data\Tools\BuildPipeline\bee_backend.exe --ipc --defer-dag-verification --dagfile="Library/Bee/1900b0aE.dag" --continue-on-failure --profile="Library/Bee/backend1.traceevents" ScriptAssemblies
WorkingDir: C:/Users/Usuariocc/Downloads/Avion_VR/Avion_VR
DisplayProgressbar: Compiling Scripts
Starting: C:\Program Files\Unity\Hub\Editor\6000.5.6f1\Editor\Data\netcorerun\netcorerun.exe "C:\Program Files\Unity\Hub\Editor\6000.5.6f1\Editor\Data\Tools\BuildPipeline\ScriptCompilationBuildProgram.exe" "Library/Bee/1900b0aE.dag.json" "Library/Bee/1900b0aE-inputdata.json" "Library\Bee\buildprogram0.traceevents"
WorkingDir: C:/Users/Usuariocc/Downloads/Avion_VR/Avion_VR
ExitCode: 4 Duration: 0s399ms
Rebuilding DAG because FileSignature timestamp changed: Library/Bee/1900b0aE-inputdata.json
[1077/1405  0s] ILPP-Configuration Library/ilpp-configuration.nevergeneratedoutput
*** Tundra requires additional run (0.35 seconds), 1 items updated, 1076 evaluated
ExitCode: 0 Duration: 2s148ms
Starting: C:\Program Files\Unity\Hub\Editor\6000.5.6f1\Editor\Data\Tools\BuildPipeline\bee_backend.exe --ipc --defer-dag-verification --dagfile="Library/Bee/1900b0aE.dag" --continue-on-failure --dagfilejson="Library\Bee\1900b0aE.dag.json" --profile="Library/Bee/backend2.traceevents" ScriptAssemblies
WorkingDir: C:/Users/Usuariocc/Downloads/Avion_VR/Avion_VR
ExitCode: 0 Duration: 50s
Finished compiling graph: 1419 nodes, 31786 flattened edges (24814 ToBuild, 232 ToUse), maximum node priority 2042
[ 172/1415  0s] WriteText Library/Bee/artifacts/1900b0aE.dag/Unity.Mathematics.rsp
[ 173/1415  0s] WriteText Library/Bee/artifacts/1900b0aE.dag/UnityEngine.UI.rsp
[ 176/1415  0s] WriteText Library/Bee/artifacts/1900b0aE.dag/UnityEditor.TestRunner.rsp
[ 183/1415  0s] WriteText Library/Bee/artifacts/1900b0aE.dag/UnityEngine.TestRunner.rsp
[ 184/1415  0s] WriteText Library/Bee/artifacts/1900b0aE.dag/Unity.Burst.rsp
[ 188/1415  0s] WriteText Library/Bee/artifacts/1900b0aE.dag/UnityEditor.UI.rsp
[ 194/1415  0s] WriteText Library/Bee/artifacts/1900b0aE.dag/Unity.InputSystem.rsp
[ 196/1415  0s] WriteText Library/Bee/artifacts/1900b0aE.dag/Unity.Collections.rsp
[ 199/1415  0s] WriteText Library/Bee/artifacts/1900b0aE.dag/Unity.RenderPipelines.Core.Runtime.rsp
[ 208/1415  0s] WriteText Library/Bee/artifacts/1900b0aE.dag/Unity.UnifiedRayTracing.Runtime.rsp
[ 210/1415  0s] WriteText Library/Bee/artifacts/1900b0aE.dag/Unity.PathTracing.Runtime.rsp
[ 219/1415  0s] WriteText Library/Bee/artifacts/1900b0aE.dag/Unity.XR.CoreUtils.rsp
[ 222/1415  0s] WriteText Library/Bee/artifacts/1900b0aE.dag/Unity.InternalAPIEngineBridge.RenderPipelines.Core.Runtime.Shared.rsp
[ 231/1415  0s] WriteText Library/Bee/artifacts/1900b0aE.dag/Unity.RenderPipelines.GPUDriven.Runtime.rsp
[ 233/1415  0s] WriteText Library/Bee/artifacts/1900b0aE.dag/Unity.RenderPipelines.Core.Runtime.Shared.rsp
[ 234/1415  0s] WriteText Library/Bee/artifacts/1900b0aE.dag/Unity.RenderPipeline.Universal.ShaderLibrary.rsp
[ 236/1415  0s] WriteText Library/Bee/artifacts/1900b0aE.dag/Unity.XR.Management.rsp
[ 238/1415  0s] WriteText Library/Bee/artifacts/1900b0aE.dag/Unity.XR.CoreUtils.Editor.rsp
[ 240/1415  0s] WriteText Library/Bee/artifacts/1900b0aE.dag/Unity.RenderPipelines.Universal.Runtime.rsp
[ 246/1415  0s] WriteText Library/Bee/artifacts/1900b0aE.dag/Unity.XR.Management.Editor.rsp
[ 250/1415  0s] WriteText Library/Bee/artifacts/1900b0aE.dag/Unity.XR.CompositionLayers.rsp
[ 252/1415  0s] WriteText Library/Bee/artifacts/1900b0aE.dag/Unity.XR.OpenXR.rsp
[ 261/1415  0s] WriteText Library/Bee/artifacts/1900b0aE.dag/Unity.SurfaceCache.Runtime.rsp
[ 266/1415  0s] WriteText Library/Bee/artifacts/1900b0aE.dag/Unity.RenderPipelines.Universal.Config.Runtime.rsp
[ 272/1415  0s] WriteText Library/Bee/artifacts/1900b0aE.dag/Unity.XR.OpenXR.Features.MetaQuestSupport.rsp
[ 273/1415  0s] WriteText Library/Bee/artifacts/1900b0aE.dag/Unity.XR.ARSubsystems.rsp
[ 281/1415  0s] WriteText Library/Bee/artifacts/1900b0aE.dag/Unity.Collections.CodeGen.rsp
[ 283/1415  0s] WriteText Library/Bee/artifacts/1900b0aE.dag/Unity.Burst.CodeGen.rsp
[ 284/1415  0s] WriteText Library/Bee/artifacts/1900b0aE.dag/Unity.XR.ARFoundation.InternalUtils.rsp
[ 293/1415  0s] WriteText Library/Bee/artifacts/1900b0aE.dag/Unity.XR.OpenXR.Features.OculusQuestSupport.rsp
[ 301/1415  0s] WriteText Library/Bee/artifacts/1900b0aE.dag/Unity.XR.Hands.rsp
[ 303/1415  0s] WriteText Library/Bee/artifacts/1900b0aE.dag/Unity.InternalAPIEngineBridge.004.rsp
[ 307/1415  0s] WriteText Library/Bee/artifacts/1900b0aE.dag/UnityEngine.SpatialTracking.rsp
[ 308/1415  0s] WriteText Library/Bee/artifacts/1900b0aE.dag/Unity.TextMeshPro.rsp
[ 309/1415  0s] WriteText Library/Bee/artifacts/1900b0aE.dag/Unity.XR.ARFoundation.rsp
[ 317/1415  0s] WriteText Library/Bee/artifacts/1900b0aE.dag/Unity.XR.Simulation.rsp
[ 320/1415  0s] WriteText Library/Bee/artifacts/1900b0aE.dag/UnityEngine.XR.LegacyInputHelpers.rsp
[ 324/1415  0s] WriteText Library/Bee/artifacts/1900b0aE.dag/Unity.InputSystem.ForUI.rsp
[ 332/1415  0s] WriteText Library/Bee/artifacts/1900b0aE.dag/Unity.InternalAPIEngineBridge.RenderPipelines.Core.Editor.rsp
[ 337/1415  0s] WriteText Library/Bee/artifacts/1900b0aE.dag/Unity.PathTracing.Editor.rsp
[ 338/1415  0s] WriteText Library/Bee/artifacts/1900b0aE.dag/Unity.XR.Interaction.Toolkit.rsp
[ 341/1415  0s] WriteText Library/Bee/artifacts/1900b0aE.dag/Unity.Searcher.Editor.rsp
[ 342/1415  0s] WriteText Library/Bee/artifacts/1900b0aE.dag/Unity.ShaderGraph.Utilities.rsp
[ 358/1415  0s] WriteText Library/Bee/artifacts/1900b0aE.dag/Unity.Burst.Editor.rsp
[ 359/1415  0s] WriteText Library/Bee/artifacts/1900b0aE.dag/Unity.ShaderGraph.Editor.rsp
[ 360/1415  0s] WriteText Library/Bee/artifacts/1900b0aE.dag/Unity.RenderPipelines.Core.Editor.Shared.rsp
[ 361/1415  0s] WriteText Library/Bee/artifacts/1900b0aE.dag/Unity.XR.OpenXR.Editor.rsp
[ 362/1415  0s] WriteText Library/Bee/artifacts/1900b0aE.dag/Unity.RenderPipelines.Core.Editor.rsp
[ 371/1415  0s] WriteText Library/Bee/artifacts/1900b0aE.dag/Unity.InternalAPIEditorBridge.ShaderGraph.Editor.rsp
[ 389/1415  0s] WriteText Library/Bee/artifacts/1900b0aE.dag/Unity.RenderPipelines.Universal.2D.Runtime.rsp
[ 404/1415  0s] WriteText Library/Bee/artifacts/1900b0aE.dag/Unity.XR.CompositionLayers.UIInteraction.rsp
[ 405/1415  0s] WriteText Library/Bee/artifacts/1900b0aE.dag/Unity.XR.Hands.Analytics.Editor.rsp
[ 406/1415  0s] WriteText Library/Bee/artifacts/1900b0aE.dag/Unity.XR.ARAnalytics.Editor.rsp
[ 413/1415  0s] WriteText Library/Bee/artifacts/1900b0aE.dag/Unity.XR.Interaction.Toolkit.Editor.rsp
[ 422/1415  0s] WriteText Library/Bee/artifacts/1900b0aE.dag/Unity.Multiplayer.Center.Common.rsp
[ 423/1415  0s] WriteText Library/Bee/artifacts/1900b0aE.dag/Unity.Settings.Editor.rsp
[ 424/1415  0s] WriteText Library/Bee/artifacts/1900b0aE.dag/Unity.XR.CompositionLayers.Editor.rsp
[ 425/1415  0s] WriteText Library/Bee/artifacts/1900b0aE.dag/Unity.XR.ARFoundation.VisualScripting.rsp
[ 426/1415  0s] WriteText Library/Bee/artifacts/1900b0aE.dag/Unity.TestTools.CodeCoverage.Editor.OpenCover.Mono.Reflection.rsp
[ 427/1415  0s] WriteText Library/Bee/artifacts/1900b0aE.dag/Unity.RenderPipelines.Universal.Editor.rsp
[ 428/1415  0s] WriteText Library/Bee/artifacts/1900b0aE.dag/Unity.XR.AndroidOpenXR.rsp
[ 429/1415  0s] WriteText Library/Bee/artifacts/1900b0aE.dag/Unity.TestTools.CodeCoverage.Editor.OpenCover.Model.rsp
[ 430/1415  0s] WriteText Library/Bee/artifacts/1900b0aE.dag/Unity.Tutorials.rsp
[ 431/1415  0s] WriteText Library/Bee/artifacts/1900b0aE.dag/Unity.XR.Interaction.Toolkit.Analytics.Editor.rsp
[ 432/1415  0s] WriteText Library/Bee/artifacts/1900b0aE.dag/Unity.XR.MetaOpenXR.rsp
[ 434/1415  0s] WriteText Library/Bee/artifacts/1900b0aE.dag/Unity.InternalAPIEngineBridge.007.rsp
[ 460/1415  0s] WriteText Library/Bee/artifacts/1900b0aE.dag/Unity.XR.OpenXR.Features.RuntimeDebugger.rsp
[ 547/1415  0s] WriteText Library/Bee/artifacts/1900b0aE.dag/Unity.InternalAPIEditorBridge.007.rsp
[ 548/1415  0s] WriteText Library/Bee/artifacts/1900b0aE.dag/Unity.Rendering.LightTransport.Editor.rsp
[ 549/1415  0s] WriteText Library/Bee/artifacts/1900b0aE.dag/Unity.Rider.Editor.rsp
[ 550/1415  0s] WriteText Library/Bee/artifacts/1900b0aE.dag/Unity.XR.MetaOpenXR.Editor.rsp
[ 551/1415  0s] WriteText Library/Bee/artifacts/1900b0aE.dag/Unity.TestTools.CodeCoverage.Editor.rsp
[ 552/1415  0s] WriteText Library/Bee/artifacts/1900b0aE.dag/Unity.VisualStudio.Editor.rsp
[ 553/1415  0s] WriteText Library/Bee/artifacts/1900b0aE.dag/Unity.Tutorials.Editor.rsp
[ 554/1415  0s] WriteText Library/Bee/artifacts/1900b0aE.dag/Unity.RenderPipelines.ShaderGraph.ShaderGraphLibrary.rsp
[ 555/1415  0s] WriteText Library/Bee/artifacts/1900b0aE.dag/Unity.XR.ARFoundation.InternalUtils.Editor.rsp
[ 556/1415  0s] WriteText Library/Bee/artifacts/1900b0aE.dag/Unity.XR.OpenXR.Features.MetaQuestSupport.Editor.rsp
[ 557/1415  0s] WriteText Library/Bee/artifacts/1900b0aE.dag/Unity.XR.OpenXR.Features.ConformanceAutomation.rsp
[ 558/1415  0s] WriteText Library/Bee/artifacts/1900b0aE.dag/Unity.XR.ARFoundation.VisualScripting.Editor.rsp
[ 559/1415  0s] WriteText Library/Bee/artifacts/1900b0aE.dag/Unity.XR.ARSubsystems.Editor.rsp
[ 560/1415  0s] WriteText Library/Bee/artifacts/1900b0aE.dag/Unity.XR.OpenXR.Features.OculusQuestSupport.Editor.rsp
[ 561/1415  0s] WriteText Library/Bee/artifacts/1900b0aE.dag/Unity.EditorCoroutines.Editor.rsp
[ 562/1415  0s] WriteText Library/Bee/artifacts/1900b0aE.dag/Unity.XR.CompositionLayers.UIInteraction.Editor.rsp
[ 563/1415  0s] WriteText Library/Bee/artifacts/1900b0aE.dag/Unity.TextMeshPro.Editor.rsp
[ 564/1415  0s] WriteText Library/Bee/artifacts/1900b0aE.dag/Unity.XR.AndroidOpenXR.Editor.rsp
[ 565/1415  0s] WriteText Library/Bee/artifacts/1900b0aE.dag/Unity.XR.Hands.Editor.rsp
[ 566/1415  0s] WriteText Library/Bee/artifacts/1900b0aE.dag/Unity.XR.ARFoundation.Editor.rsp
[ 567/1415  0s] WriteText Library/Bee/artifacts/1900b0aE.dag/Unity.XR.Hands.Samples.VisualizerSample.rsp
[ 568/1415  0s] WriteText Library/Bee/artifacts/1900b0aE.dag/Unity.XR.Interaction.Toolkit.Analytics.Hooks.Editor.rsp
[ 569/1415  0s] WriteText Library/Bee/artifacts/1900b0aE.dag/Unity.XR.Simulation.Editor.rsp
[ 570/1415  0s] WriteText Library/Bee/artifacts/1900b0aE.dag/Unity.XR.Interaction.Toolkit.Samples.Hands.Editor.rsp
[ 571/1415  0s] WriteText Library/Bee/artifacts/1900b0aE.dag/Unity.XR.Interaction.Toolkit.Samples.Hands.rsp
[ 572/1415  0s] WriteText Library/Bee/artifacts/1900b0aE.dag/Unity.XR.Hands.Analytics.Hooks.Editor.rsp
[ 573/1415  0s] WriteText Library/Bee/artifacts/1900b0aE.dag/Unity.Collections.Editor.rsp
[ 574/1415  0s] WriteText Library/Bee/artifacts/1900b0aE.dag/Unity.XR.OpenXR.Features.RuntimeDebugger.Editor.rsp
[ 575/1415  0s] WriteText Library/Bee/artifacts/1900b0aE.dag/Unity.XR.Interaction.Toolkit.Samples.StarterAssets.Editor.rsp
[ 576/1415  0s] WriteText Library/Bee/artifacts/1900b0aE.dag/Unity.InputSystem.ForUI.Editor.rsp
[ 577/1415  0s] WriteText Library/Bee/artifacts/1900b0aE.dag/Unity.Multiplayer.Center.Editor.rsp
[ 578/1415  0s] WriteText Library/Bee/artifacts/1900b0aE.dag/UnityEditor.UI.Analytics.rsp
[ 579/1415  0s] WriteText Library/Bee/artifacts/1900b0aE.dag/UnityEditor.SpatialTracking.rsp
[ 580/1415  0s] WriteText Library/Bee/artifacts/1900b0aE.dag/Unity.RenderPipelines.Core.ShaderLibrary.rsp
[ 581/1415  0s] WriteText Library/Bee/artifacts/1900b0aE.dag/Unity.XR.Interaction.Toolkit.Samples.StarterAssets.rsp
[ 582/1415  0s] WriteText Library/Bee/artifacts/1900b0aE.dag/UnityEditor.XR.LegacyInputHelpers.rsp
[ 589/1415  0s] WriteText Library/Bee/artifacts/1900b0aE.dag/Unity.RenderPipelines.Universal.2D.Editor.Overrides.rsp
[ 590/1415  0s] WriteText Library/Bee/artifacts/1900b0aE.dag/Unity.RenderPipelines.Universal.Shaders.rsp
[ 594/1415  0s] WriteText Library/Bee/artifacts/1900b0aE.dag/Unity.XR.OpenXR.Features.MockRuntime.rsp
[ 600/1415  0s] WriteText Library/Bee/artifacts/1900b0aE.dag/Assembly-CSharp.rsp
[ 607/1415  0s] WriteText Library/Bee/artifacts/1900b0aE.dag/Assembly-CSharp-Editor.UnityAdditionalFile.txt
[ 611/1415  0s] WriteText Library/Bee/artifacts/1900b0aE.dag/Unity.Performance.Profile-Analyzer.Editor.rsp
[ 613/1415  0s] WriteText Library/Bee/artifacts/1900b0aE.dag/Unity.PerformanceTesting.rsp
[ 616/1415  0s] WriteText Library/Bee/artifacts/1900b0aE.dag/Unity.XR.OpenXR.TestTooling.rsp
[ 618/1415  0s] WriteText Library/Bee/artifacts/1900b0aE.dag/Unity.InputSystem.TestFramework.rsp
[ 619/1415  0s] WriteText Library/Bee/artifacts/1900b0aE.dag/Assembly-CSharp-Editor.rsp2
[ 620/1415  0s] WriteText Library/Bee/artifacts/1900b0aE.dag/Assembly-CSharp-Editor.dll.mvfrm.rsp
[ 621/1415  0s] WriteText Library/Bee/artifacts/1900b0aE.dag/Unity.XR.Hands.CodeSamples.Editor.Tests.rsp
[ 622/1415  0s] WriteText Library/Bee/artifacts/1900b0aE.dag/Assembly-CSharp-Editor.rsp
[ 623/1415  0s] WriteResponseFile Library/Bee/artifacts/rsp/10678863128556690338.rsp
[ 624/1415  0s] WriteText Library/Bee/artifacts/1900b0aE.dag/Unity.XR.Interaction.Toolkit.CodeSamples.Tests.rsp
[ 625/1415  0s] WriteResponseFile Library/Bee/artifacts/rsp/6853030169509994056.rsp
[ 626/1415  0s] WriteResponseFile Library/Bee/artifacts/rsp/2897256077774953845.rsp
[ 627/1415  0s] WriteResponseFile Library/Bee/artifacts/rsp/6835248541095762863.rsp
[ 628/1415  0s] WriteResponseFile Library/Bee/artifacts/rsp/2160309904112169086.rsp
[ 629/1415  0s] WriteResponseFile Library/Bee/artifacts/rsp/3380375646757395452.rsp
[ 630/1415  0s] WriteResponseFile Library/Bee/artifacts/rsp/17525389461119239690.rsp
[ 631/1415  0s] WriteText Library/Bee/artifacts/1900b0aE.dag/Unity.InputSystem.DocCodeSamples.rsp
[ 632/1415  0s] WriteResponseFile Library/Bee/artifacts/rsp/4832358000590541344.rsp
[ 633/1415  0s] WriteResponseFile Library/Bee/artifacts/rsp/415432457928625878.rsp
[ 634/1415  0s] WriteResponseFile Library/Bee/artifacts/rsp/8056842163164035647.rsp
[ 635/1415  0s] WriteResponseFile Library/Bee/artifacts/rsp/2466938678627382556.rsp
[ 636/1415  0s] WriteResponseFile Library/Bee/artifacts/rsp/16391873320122031643.rsp
[ 637/1415  0s] WriteResponseFile Library/Bee/artifacts/rsp/15455303425587971764.rsp
[ 638/1415  0s] WriteResponseFile Library/Bee/artifacts/rsp/2846982255732384137.rsp
[ 639/1415  0s] WriteResponseFile Library/Bee/artifacts/rsp/18006827139231511288.rsp
[ 640/1415  0s] WriteResponseFile Library/Bee/artifacts/rsp/18363161998099744010.rsp
[ 641/1415  0s] WriteResponseFile Library/Bee/artifacts/rsp/4135458651261243065.rsp
[ 642/1415  0s] WriteResponseFile Library/Bee/artifacts/rsp/7093433776233577073.rsp
[ 643/1415  0s] WriteResponseFile Library/Bee/artifacts/rsp/7791847961557886023.rsp
[ 644/1415  0s] WriteResponseFile Library/Bee/artifacts/rsp/2082179624159626967.rsp
[ 645/1415  0s] WriteResponseFile Library/Bee/artifacts/rsp/14879560437332476990.rsp
[ 646/1415  0s] WriteResponseFile Library/Bee/artifacts/rsp/12510176907858834296.rsp
[ 647/1415  0s] WriteResponseFile Library/Bee/artifacts/rsp/13686715218353603589.rsp
[ 648/1415  0s] WriteResponseFile Library/Bee/artifacts/rsp/17346584914308636752.rsp
[ 649/1415  0s] WriteResponseFile Library/Bee/artifacts/rsp/7606483801609891643.rsp
[ 650/1415  0s] WriteResponseFile Library/Bee/artifacts/rsp/15966515983506956808.rsp
[ 651/1415  0s] WriteResponseFile Library/Bee/artifacts/rsp/5916180605834378387.rsp
[ 652/1415  0s] WriteResponseFile Library/Bee/artifacts/rsp/10142702499866438521.rsp
[ 653/1415  0s] WriteResponseFile Library/Bee/artifacts/rsp/14647113126751640225.rsp
[ 654/1415  0s] WriteText Library/Bee/artifacts/1900b0aE.dag/Unity.PerformanceTesting.Editor.rsp
[ 655/1415  0s] WriteResponseFile Library/Bee/artifacts/rsp/9870516708743257357.rsp
[ 656/1415  0s] WriteResponseFile Library/Bee/artifacts/rsp/13909235412005675431.rsp
[ 657/1415  0s] WriteResponseFile Library/Bee/artifacts/rsp/18218310762646611085.rsp
[ 658/1415  0s] WriteResponseFile Library/Bee/artifacts/rsp/1418726328684876121.rsp
[ 659/1415  0s] WriteResponseFile Library/Bee/artifacts/rsp/4466190206555885892.rsp
[ 660/1415  0s] WriteResponseFile Library/Bee/artifacts/rsp/11743693788726679458.rsp
[ 661/1415  0s] WriteResponseFile Library/Bee/artifacts/rsp/8860347324984707772.rsp
[ 662/1415  0s] WriteResponseFile Library/Bee/artifacts/rsp/3064155424177982801.rsp
[ 663/1415  0s] WriteResponseFile Library/Bee/artifacts/rsp/11294775302662683298.rsp
[ 664/1415  0s] WriteResponseFile Library/Bee/artifacts/rsp/2157608619508796868.rsp
[ 665/1415  0s] WriteResponseFile Library/Bee/artifacts/rsp/5546506141355401238.rsp
[ 666/1415  0s] WriteResponseFile Library/Bee/artifacts/rsp/5803490648119114145.rsp
[ 667/1415  0s] WriteResponseFile Library/Bee/artifacts/rsp/6146630326014295711.rsp
[ 668/1415  0s] WriteResponseFile Library/Bee/artifacts/rsp/1221103008370360376.rsp
[ 669/1415  0s] WriteResponseFile Library/Bee/artifacts/rsp/1237274906319909237.rsp
[ 670/1415  0s] WriteResponseFile Library/Bee/artifacts/rsp/15183482696195477058.rsp
[ 671/1415  0s] WriteResponseFile Library/Bee/artifacts/rsp/10411718816959651794.rsp
[ 672/1415  0s] WriteResponseFile Library/Bee/artifacts/rsp/15085861467720516389.rsp
[ 673/1415  0s] WriteResponseFile Library/Bee/artifacts/rsp/1478594098268573080.rsp
[ 674/1415  0s] WriteResponseFile Library/Bee/artifacts/rsp/10010842633742469623.rsp
[ 675/1415  0s] WriteResponseFile Library/Bee/artifacts/rsp/10397561839769426034.rsp
[ 676/1415  0s] WriteResponseFile Library/Bee/artifacts/rsp/16624783372245171481.rsp
[ 677/1415  0s] WriteResponseFile Library/Bee/artifacts/rsp/15958407531564136273.rsp
[ 678/1415  0s] WriteResponseFile Library/Bee/artifacts/rsp/11896635970506379095.rsp
[ 679/1415  0s] WriteResponseFile Library/Bee/artifacts/rsp/5861245798550499773.rsp
[ 680/1415  0s] WriteResponseFile Library/Bee/artifacts/rsp/4359918536171709421.rsp
[ 681/1415  0s] WriteResponseFile Library/Bee/artifacts/rsp/17474422405716522152.rsp
[ 682/1415  0s] WriteResponseFile Library/Bee/artifacts/rsp/12406438909206045406.rsp
[ 683/1415  0s] WriteResponseFile Library/Bee/artifacts/rsp/3617466885801794984.rsp
[ 684/1415  0s] WriteResponseFile Library/Bee/artifacts/rsp/2143737779245182908.rsp
[ 685/1415  0s] WriteResponseFile Library/Bee/artifacts/rsp/16419886316139207158.rsp
[ 686/1415  0s] WriteResponseFile Library/Bee/artifacts/rsp/8527092436011996262.rsp
[ 687/1415  0s] WriteResponseFile Library/Bee/artifacts/rsp/1646394669459005318.rsp
[ 688/1415  0s] WriteResponseFile Library/Bee/artifacts/rsp/9147286922948009921.rsp
[ 689/1415  0s] WriteResponseFile Library/Bee/artifacts/rsp/6262281476893245489.rsp
[ 690/1415  0s] WriteResponseFile Library/Bee/artifacts/rsp/2953117779104569460.rsp
[ 691/1415  0s] WriteResponseFile Library/Bee/artifacts/rsp/1488387367365330867.rsp
[ 692/1415  0s] WriteResponseFile Library/Bee/artifacts/rsp/14355918427286719942.rsp
[ 693/1415  0s] WriteResponseFile Library/Bee/artifacts/rsp/9131395799607273628.rsp
[ 694/1415  0s] WriteResponseFile Library/Bee/artifacts/rsp/14894001865556883110.rsp
[ 695/1415  0s] WriteResponseFile Library/Bee/artifacts/rsp/5652260764500437206.rsp
[ 696/1415  0s] WriteResponseFile Library/Bee/artifacts/rsp/4521719244497739595.rsp
[ 697/1415  0s] WriteResponseFile Library/Bee/artifacts/rsp/3867973322336625480.rsp
[ 698/1415  0s] WriteResponseFile Library/Bee/artifacts/rsp/6395847020536617641.rsp
[ 699/1415  0s] WriteResponseFile Library/Bee/artifacts/rsp/8863518860715653438.rsp
[ 700/1415  0s] WriteResponseFile Library/Bee/artifacts/rsp/14566447020836459352.rsp
[ 701/1415  0s] WriteResponseFile Library/Bee/artifacts/rsp/1177933628359149393.rsp
[ 702/1415  0s] WriteResponseFile Library/Bee/artifacts/rsp/10292501669419677951.rsp
[ 703/1415  0s] WriteResponseFile Library/Bee/artifacts/rsp/3974625879278513519.rsp
[ 704/1415  0s] WriteResponseFile Library/Bee/artifacts/rsp/5686099315413121604.rsp
[ 705/1415  0s] WriteResponseFile Library/Bee/artifacts/rsp/11721167980350881331.rsp
[ 706/1415  0s] WriteResponseFile Library/Bee/artifacts/rsp/9963604852455136489.rsp
[ 707/1415  0s] WriteResponseFile Library/Bee/artifacts/rsp/17723086061372457914.rsp
[ 708/1415  0s] WriteResponseFile Library/Bee/artifacts/rsp/9703144790800738880.rsp
[ 709/1415  0s] WriteResponseFile Library/Bee/artifacts/rsp/17296387151066238333.rsp
[ 710/1415  0s] WriteResponseFile Library/Bee/artifacts/rsp/15394042617203071315.rsp
[ 711/1415  0s] WriteResponseFile Library/Bee/artifacts/rsp/6841316898876630997.rsp
[ 712/1415  0s] WriteResponseFile Library/Bee/artifacts/rsp/2781082588993088484.rsp
[ 713/1415  0s] WriteResponseFile Library/Bee/artifacts/rsp/8166486921578947860.rsp
[ 714/1415  0s] WriteResponseFile Library/Bee/artifacts/rsp/11820488456832421373.rsp
[ 715/1415  0s] WriteResponseFile Library/Bee/artifacts/rsp/9675442845102135732.rsp
[ 716/1415  0s] WriteResponseFile Library/Bee/artifacts/rsp/10831531723267835799.rsp
[ 717/1415  0s] WriteResponseFile Library/Bee/artifacts/rsp/6591615775254759062.rsp
[ 718/1415  0s] WriteResponseFile Library/Bee/artifacts/rsp/3818876520345881085.rsp
[ 719/1415  0s] WriteResponseFile Library/Bee/artifacts/rsp/2945965914099044388.rsp
[ 720/1415  0s] WriteResponseFile Library/Bee/artifacts/rsp/12812556936427222528.rsp
[ 721/1415  0s] WriteResponseFile Library/Bee/artifacts/rsp/15260615046880771449.rsp
[ 722/1415  0s] WriteResponseFile Library/Bee/artifacts/rsp/16919681131166719316.rsp
[ 723/1415  0s] WriteResponseFile Library/Bee/artifacts/rsp/543479233975629205.rsp
[ 724/1415  0s] WriteResponseFile Library/Bee/artifacts/rsp/4663329790075377241.rsp
[ 725/1415  0s] WriteResponseFile Library/Bee/artifacts/rsp/12900333509587573630.rsp
[ 726/1415  0s] WriteResponseFile Library/Bee/artifacts/rsp/17122354673617034552.rsp
[ 727/1415  0s] WriteResponseFile Library/Bee/artifacts/rsp/908057632503650206.rsp
[ 728/1415  0s] WriteResponseFile Library/Bee/artifacts/rsp/2608364965435695690.rsp
[ 729/1415  0s] WriteResponseFile Library/Bee/artifacts/rsp/16978334608904336561.rsp
[ 730/1415  0s] WriteResponseFile Library/Bee/artifacts/rsp/13160698070164861181.rsp
[ 731/1415  0s] WriteResponseFile Library/Bee/artifacts/rsp/12248871281822510316.rsp
[ 732/1415  0s] WriteResponseFile Library/Bee/artifacts/rsp/147470109805389196.rsp
[ 733/1415  0s] WriteResponseFile Library/Bee/artifacts/rsp/15183149355271759364.rsp
[ 734/1415  0s] WriteResponseFile Library/Bee/artifacts/rsp/16670986269961710141.rsp
[ 735/1415  0s] WriteResponseFile Library/Bee/artifacts/rsp/4014436084419441659.rsp
[           0s] Csc Library/Bee/artifacts/1900b0aE.dag/UnityEngine.TestRunner.dll (+2 others) [CacheMiss 95c9c3d9befba92e3d0fccac992d1d2500000000000000000000000000000006]
[           0s] Csc Library/Bee/artifacts/1900b0aE.dag/UnityEngine.UI.dll (+2 others) [CacheMiss 344ede93ae435378835e30c774bfc3d800000000000000000000000000000006]
[ 736/1415  2s] Csc Library/Bee/artifacts/1900b0aE.dag/UnityEngine.TestRunner.dll (+2 others)
[ 737/1415  2s] Csc Library/Bee/artifacts/1900b0aE.dag/UnityEngine.UI.dll (+2 others)
[           0s] Csc Library/Bee/artifacts/1900b0aE.dag/UnityEngine.TestRunner.dll (+2 others) [CacheWrite 95c9c3d9befba92e3d0fccac992d1d2500000000000000000000000000000006]
[ 740/1415  0s] CopyFiles Library/ScriptAssemblies/UnityEngine.TestRunner.pdb
[           0s] Csc Library/Bee/artifacts/1900b0aE.dag/UnityEngine.UI.dll (+2 others) [CacheWrite 344ede93ae435378835e30c774bfc3d800000000000000000000000000000006]
[           0s] Csc Library/Bee/artifacts/1900b0aE.dag/UnityEditor.TestRunner.dll (+2 others) [CacheMiss ff1e2c4afaff5477cc8738e5a1cf2ffb00000000000000000000000000000006]
[ 742/1415  0s] CopyFiles Library/ScriptAssemblies/UnityEngine.TestRunner.dll
[ 743/1415  1s] Csc Library/Bee/artifacts/1900b0aE.dag/UnityEditor.TestRunner.dll (+2 others)
[           0s] Csc Library/Bee/artifacts/1900b0aE.dag/UnityEditor.TestRunner.dll (+2 others) [CacheWrite ff1e2c4afaff5477cc8738e5a1cf2ffb00000000000000000000000000000006]
[ 746/1415  0s] CopyFiles Library/ScriptAssemblies/UnityEditor.TestRunner.pdb
[           0s] Csc Library/Bee/artifacts/1900b0aE.dag/UnityEditor.UI.dll (+2 others) [CacheMiss 26ef22642ca8e2d44cc0b90626d392b800000000000000000000000000000006]
[ 747/1415  0s] CopyFiles Library/ScriptAssemblies/UnityEditor.TestRunner.dll
[ 748/1415  0s] Csc Library/Bee/artifacts/1900b0aE.dag/UnityEditor.UI.dll (+2 others)
[           0s] Csc Library/Bee/artifacts/1900b0aE.dag/UnityEditor.UI.dll (+2 others) [CacheWrite 26ef22642ca8e2d44cc0b90626d392b800000000000000000000000000000006]
[           0s] Csc Library/Bee/artifacts/1900b0aE.dag/Unity.Mathematics.dll (+2 others) [CacheMiss ddc09617a319bd46c2c19decc6f08a7800000000000000000000000000000006]
[           0s] Csc Library/Bee/artifacts/1900b0aE.dag/Unity.InputSystem.dll (+2 others) [CacheMiss f23a2f3f30ac70d61bf5635bbb693fe200000000000000000000000000000006]
[           0s] Csc Library/Bee/artifacts/1900b0aE.dag/UnityEngine.SpatialTracking.dll (+2 others) [CacheMiss 3bcfefd42b03d55980c6a916204ad1cd00000000000000000000000000000006]
[           0s] Csc Library/Bee/artifacts/1900b0aE.dag/Unity.InternalAPIEngineBridge.RenderPipelines.Core.Runtime.Shared.dll (+2 others) [CacheMiss 9ece4f88de1a4e7f59ec36ba6e3a474b00000000000000000000000000000006]
[           0s] Csc Library/Bee/artifacts/1900b0aE.dag/Unity.XR.Management.dll (+2 others) [CacheMiss e84ef1189346745c5060dcee3420977900000000000000000000000000000006]
[           0s] Csc Library/Bee/artifacts/1900b0aE.dag/Unity.Burst.dll (+2 others) [CacheMiss b3393124d65f156835afe0f3c3856b6400000000000000000000000000000006]
[ 756/1415  0s] Csc Library/Bee/artifacts/1900b0aE.dag/Unity.Mathematics.dll (+2 others)
[ 757/1415  0s] Csc Library/Bee/artifacts/1900b0aE.dag/UnityEngine.SpatialTracking.dll (+2 others)
[ 758/1415  0s] Csc Library/Bee/artifacts/1900b0aE.dag/Unity.InternalAPIEngineBridge.RenderPipelines.Core.Runtime.Shared.dll (+2 others)
[ 759/1415  0s] Csc Library/Bee/artifacts/1900b0aE.dag/Unity.XR.Management.dll (+2 others)
[           0s] Csc Library/Bee/artifacts/1900b0aE.dag/Unity.InternalAPIEngineBridge.RenderPipelines.Core.Runtime.Shared.dll (+2 others) [CacheWrite 9ece4f88de1a4e7f59ec36ba6e3a474b00000000000000000000000000000006]
[           0s] Csc Library/Bee/artifacts/1900b0aE.dag/Unity.Mathematics.dll (+2 others) [CacheWrite ddc09617a319bd46c2c19decc6f08a7800000000000000000000000000000006]
[           0s] Csc Library/Bee/artifacts/1900b0aE.dag/UnityEngine.SpatialTracking.dll (+2 others) [CacheWrite 3bcfefd42b03d55980c6a916204ad1cd00000000000000000000000000000006]
[           0s] Csc Library/Bee/artifacts/1900b0aE.dag/Unity.XR.Management.dll (+2 others) [CacheWrite e84ef1189346745c5060dcee3420977900000000000000000000000000000006]
[           0s] Csc Library/Bee/artifacts/1900b0aE.dag/Unity.InternalAPIEngineBridge.004.dll (+2 others) [CacheMiss bd3580ed5210b8842d6ee31c3023125e00000000000000000000000000000006]
[           0s] Csc Library/Bee/artifacts/1900b0aE.dag/Unity.InternalAPIEngineBridge.RenderPipelines.Core.Editor.dll (+2 others) [CacheMiss 7585398b201dcc811ad195a02809a9b900000000000000000000000000000006]
[           0s] Csc Library/Bee/artifacts/1900b0aE.dag/UnityEngine.XR.LegacyInputHelpers.dll (+2 others) [CacheMiss 95b38572c11dd2d9a2ff055b4479c15000000000000000000000000000000006]
[           0s] Csc Library/Bee/artifacts/1900b0aE.dag/Unity.InternalAPIEditorBridge.ShaderGraph.Editor.dll (+2 others) [CacheMiss 62550cdf9b7a0335b4f8130b3b351e0a00000000000000000000000000000006]
[ 769/1415  0s] Csc Library/Bee/artifacts/1900b0aE.dag/Unity.InternalAPIEngineBridge.RenderPipelines.Core.Editor.dll (+2 others)
[ 770/1415  0s] Csc Library/Bee/artifacts/1900b0aE.dag/Unity.InternalAPIEngineBridge.004.dll (+2 others)
[ 771/1415  0s] Csc Library/Bee/artifacts/1900b0aE.dag/Unity.InternalAPIEditorBridge.ShaderGraph.Editor.dll (+2 others)
[           0s] Csc Library/Bee/artifacts/1900b0aE.dag/Unity.InternalAPIEngineBridge.004.dll (+2 others) [CacheWrite bd3580ed5210b8842d6ee31c3023125e00000000000000000000000000000006]
[           0s] Csc Library/Bee/artifacts/1900b0aE.dag/Unity.InternalAPIEngineBridge.RenderPipelines.Core.Editor.dll (+2 others) [CacheWrite 7585398b201dcc811ad195a02809a9b900000000000000000000000000000006]
[ 775/1415  0s] Csc Library/Bee/artifacts/1900b0aE.dag/UnityEngine.XR.LegacyInputHelpers.dll (+2 others)
[           0s] Csc Library/Bee/artifacts/1900b0aE.dag/Unity.InternalAPIEditorBridge.ShaderGraph.Editor.dll (+2 others) [CacheWrite 62550cdf9b7a0335b4f8130b3b351e0a00000000000000000000000000000006]
[           0s] Csc Library/Bee/artifacts/1900b0aE.dag/Unity.Searcher.Editor.dll (+2 others) [CacheMiss b4a96e302cd8110a87fda636fe9a9e4300000000000000000000000000000006]
[           0s] Csc Library/Bee/artifacts/1900b0aE.dag/Unity.TextMeshPro.dll (+2 others) [CacheMiss c1a0a05fb90a7233edd31e2c6537d22000000000000000000000000000000006]
[           0s] Csc Library/Bee/artifacts/1900b0aE.dag/UnityEngine.XR.LegacyInputHelpers.dll (+2 others) [CacheWrite 95b38572c11dd2d9a2ff055b4479c15000000000000000000000000000000006]
[           0s] Csc Library/Bee/artifacts/1900b0aE.dag/Unity.ShaderGraph.Utilities.dll (+2 others) [CacheMiss 2e6fa9cbcb72a7956bfb9ca8534de71400000000000000000000000000000006]
[           0s] Csc Library/Bee/artifacts/1900b0aE.dag/Unity.EditorCoroutines.Editor.dll (+2 others) [CacheMiss 7d9725ef292872532f55f80ad29769af00000000000000000000000000000006]
[ 781/1415  1s] Csc Library/Bee/artifacts/1900b0aE.dag/Unity.ShaderGraph.Utilities.dll (+2 others)
[ 782/1415  1s] Csc Library/Bee/artifacts/1900b0aE.dag/Unity.Searcher.Editor.dll (+2 others)
[ 783/1415  2s] Csc Library/Bee/artifacts/1900b0aE.dag/Unity.Burst.dll (+2 others)
[ 784/1415  1s] Csc Library/Bee/artifacts/1900b0aE.dag/Unity.EditorCoroutines.Editor.dll (+2 others)
[           0s] Csc Library/Bee/artifacts/1900b0aE.dag/Unity.ShaderGraph.Utilities.dll (+2 others) [CacheWrite 2e6fa9cbcb72a7956bfb9ca8534de71400000000000000000000000000000006]
[           0s] Csc Library/Bee/artifacts/1900b0aE.dag/Unity.Searcher.Editor.dll (+2 others) [CacheWrite b4a96e302cd8110a87fda636fe9a9e4300000000000000000000000000000006]
[           0s] Csc Library/Bee/artifacts/1900b0aE.dag/Unity.Burst.dll (+2 others) [CacheWrite b3393124d65f156835afe0f3c3856b6400000000000000000000000000000006]
[           0s] Csc Library/Bee/artifacts/1900b0aE.dag/Unity.EditorCoroutines.Editor.dll (+2 others) [CacheWrite 7d9725ef292872532f55f80ad29769af00000000000000000000000000000006]
[           0s] Csc Library/Bee/artifacts/1900b0aE.dag/Unity.Settings.Editor.dll (+2 others) [CacheMiss 79b37688677167f3e60208f63053de8a00000000000000000000000000000006]
[           0s] Csc Library/Bee/artifacts/1900b0aE.dag/Unity.Collections.dll (+2 others) [CacheMiss 76fec52c9c061823830aac8d38d16d1b00000000000000000000000000000006]
[           0s] Csc Library/Bee/artifacts/1900b0aE.dag/Unity.Burst.CodeGen.dll (+2 others) [CacheMiss 3c6f720adce867d442b8b2fefc6b0dde00000000000000000000000000000006]
[           0s] Csc Library/Bee/artifacts/1900b0aE.dag/Unity.Multiplayer.Center.Common.dll (+2 others) [CacheMiss caa2c41617a6dd2cd67baaa6084ba44900000000000000000000000000000006]
[ 796/1415  1s] Csc Library/Bee/artifacts/1900b0aE.dag/Unity.Multiplayer.Center.Common.dll (+2 others)
[ 797/1415  1s] Csc Library/Bee/artifacts/1900b0aE.dag/Unity.Burst.CodeGen.dll (+2 others)
[ 798/1415  4s] Csc Library/Bee/artifacts/1900b0aE.dag/Unity.TextMeshPro.dll (+2 others)
[ 799/1415  1s] Csc Library/Bee/artifacts/1900b0aE.dag/Unity.Settings.Editor.dll (+2 others)
[           0s] Csc Library/Bee/artifacts/1900b0aE.dag/Unity.Multiplayer.Center.Common.dll (+2 others) [CacheWrite caa2c41617a6dd2cd67baaa6084ba44900000000000000000000000000000006]
[           0s] Csc Library/Bee/artifacts/1900b0aE.dag/Unity.Burst.CodeGen.dll (+2 others) [CacheWrite 3c6f720adce867d442b8b2fefc6b0dde00000000000000000000000000000006]
[           0s] Csc Library/Bee/artifacts/1900b0aE.dag/Unity.TextMeshPro.dll (+2 others) [CacheWrite c1a0a05fb90a7233edd31e2c6537d22000000000000000000000000000000006]
[           0s] Csc Library/Bee/artifacts/1900b0aE.dag/Unity.Settings.Editor.dll (+2 others) [CacheWrite 79b37688677167f3e60208f63053de8a00000000000000000000000000000006]
[           0s] Csc Library/Bee/artifacts/1900b0aE.dag/Unity.Burst.Editor.dll (+2 others) [CacheMiss f8405461f5decc73cc4d0f82a5ba03ac00000000000000000000000000000006]
[           0s] Csc Library/Bee/artifacts/1900b0aE.dag/Unity.TestTools.CodeCoverage.Editor.OpenCover.Mono.Reflection.dll (+2 others) [CacheMiss 808cd121e8b0bfd3b3b943ff0c73bc3c00000000000000000000000000000006]
[           0s] Csc Library/Bee/artifacts/1900b0aE.dag/Unity.InternalAPIEditorBridge.007.dll (+2 others) [CacheMiss b873a200a2f4a9457fc1616e0de8dac200000000000000000000000000000006]
[           0s] Csc Library/Bee/artifacts/1900b0aE.dag/Unity.InternalAPIEngineBridge.007.dll (+2 others) [CacheMiss 6d4391ffc339a6391ea1153dd86ce8db00000000000000000000000000000006]
[ 802/1415  6s] Csc Library/Bee/artifacts/1900b0aE.dag/Unity.InputSystem.dll (+2 others)
[ 803/1415  1s] Csc Library/Bee/artifacts/1900b0aE.dag/Unity.TestTools.CodeCoverage.Editor.OpenCover.Mono.Reflection.dll (+2 others)
[           0s] Csc Library/Bee/artifacts/1900b0aE.dag/Unity.InputSystem.dll (+2 others) [CacheWrite f23a2f3f30ac70d61bf5635bbb693fe200000000000000000000000000000006]
[ 806/1415  1s] Csc Library/Bee/artifacts/1900b0aE.dag/Unity.InternalAPIEngineBridge.007.dll (+2 others)
[           0s] Csc Library/Bee/artifacts/1900b0aE.dag/Unity.TestTools.CodeCoverage.Editor.OpenCover.Mono.Reflection.dll (+2 others) [CacheWrite 808cd121e8b0bfd3b3b943ff0c73bc3c00000000000000000000000000000006]
[           0s] Csc Library/Bee/artifacts/1900b0aE.dag/Unity.XR.CoreUtils.dll (+2 others) [CacheMiss c0dc04c1ecd397b6312ace95e8f4e45b00000000000000000000000000000006]
[ 808/1415  1s] Csc Library/Bee/artifacts/1900b0aE.dag/Unity.InternalAPIEditorBridge.007.dll (+2 others)
[           0s] Csc Library/Bee/artifacts/1900b0aE.dag/Unity.InputSystem.ForUI.dll (+2 others) [CacheMiss f7a75477f589624179075811bd3420f300000000000000000000000000000006]
[           0s] Csc Library/Bee/artifacts/1900b0aE.dag/Unity.InternalAPIEngineBridge.007.dll (+2 others) [CacheWrite 6d4391ffc339a6391ea1153dd86ce8db00000000000000000000000000000006]
[           0s] Csc Library/Bee/artifacts/1900b0aE.dag/Unity.Tutorials.dll (+2 others) [CacheMiss cb38c064438b6c70aa6916e4d7180eba00000000000000000000000000000006]
[           0s] Csc Library/Bee/artifacts/1900b0aE.dag/Unity.InternalAPIEditorBridge.007.dll (+2 others) [CacheWrite b873a200a2f4a9457fc1616e0de8dac200000000000000000000000000000006]
[           0s] Csc Library/Bee/artifacts/1900b0aE.dag/Unity.TestTools.CodeCoverage.Editor.OpenCover.Model.dll (+2 others) [CacheMiss 1dc8a13466822b87c96e7a2b844ad03400000000000000000000000000000006]
[ 809/1415  4s] Csc Library/Bee/artifacts/1900b0aE.dag/Unity.Collections.dll (+2 others)
[ 810/1415  0s] Csc Library/Bee/artifacts/1900b0aE.dag/Unity.InputSystem.ForUI.dll (+2 others)
[           0s] Csc Library/Bee/artifacts/1900b0aE.dag/Unity.Collections.dll (+2 others) [CacheWrite 76fec52c9c061823830aac8d38d16d1b00000000000000000000000000000006]
[ 813/1415  0s] Csc Library/Bee/artifacts/1900b0aE.dag/Unity.XR.CoreUtils.dll (+2 others)
[ 814/1415  0s] Csc Library/Bee/artifacts/1900b0aE.dag/Unity.Tutorials.dll (+2 others)
[           0s] Csc Library/Bee/artifacts/1900b0aE.dag/Unity.InputSystem.ForUI.dll (+2 others) [CacheWrite f7a75477f589624179075811bd3420f300000000000000000000000000000006]
[           0s] Csc Library/Bee/artifacts/1900b0aE.dag/Unity.RenderPipelines.Core.Runtime.dll (+2 others) [CacheMiss 5cc1c60bd9a9e35e6f73401e8f13c45600000000000000000000000000000006]
[           0s] Csc Library/Bee/artifacts/1900b0aE.dag/Unity.XR.CoreUtils.dll (+2 others) [CacheWrite c0dc04c1ecd397b6312ace95e8f4e45b00000000000000000000000000000006]
[           0s] Csc Library/Bee/artifacts/1900b0aE.dag/Unity.UnifiedRayTracing.Runtime.dll (+2 others) [CacheMiss 137c5f876a5214e63d6539362d0d4c5f00000000000000000000000000000006]
[           0s] Csc Library/Bee/artifacts/1900b0aE.dag/Unity.Tutorials.dll (+2 others) [CacheWrite cb38c064438b6c70aa6916e4d7180eba00000000000000000000000000000006]
[ 819/1415  0s] Csc Library/Bee/artifacts/1900b0aE.dag/Unity.TestTools.CodeCoverage.Editor.OpenCover.Model.dll (+2 others)
[           0s] Csc Library/Bee/artifacts/1900b0aE.dag/Unity.Collections.CodeGen.dll (+2 others) [CacheMiss 02acea6300d07587d364299d61407b5a00000000000000000000000000000006]
[           0s] Csc Library/Bee/artifacts/1900b0aE.dag/Unity.XR.CoreUtils.Editor.dll (+2 others) [CacheMiss a2fcfe6ea19edd196a6cf21aa2c5261e00000000000000000000000000000006]
[           0s] Csc Library/Bee/artifacts/1900b0aE.dag/Unity.TestTools.CodeCoverage.Editor.OpenCover.Model.dll (+2 others) [CacheWrite 1dc8a13466822b87c96e7a2b844ad03400000000000000000000000000000006]
[           0s] Csc Library/Bee/artifacts/1900b0aE.dag/Unity.VisualStudio.Editor.dll (+2 others) [CacheMiss ef4eea136a7d5fa83753ca2ddd306a8400000000000000000000000000000006]
[ 843/1415  0s] Csc Library/Bee/artifacts/1900b0aE.dag/Unity.Collections.CodeGen.dll (+2 others)
[ 844/1415  1s] Csc Library/Bee/artifacts/1900b0aE.dag/Unity.XR.CoreUtils.Editor.dll (+2 others)
[ 845/1415  1s] Csc Library/Bee/artifacts/1900b0aE.dag/Unity.UnifiedRayTracing.Runtime.dll (+2 others)
[           0s] Csc Library/Bee/artifacts/1900b0aE.dag/Unity.Collections.CodeGen.dll (+2 others) [CacheWrite 02acea6300d07587d364299d61407b5a00000000000000000000000000000006]
[           0s] Csc Library/Bee/artifacts/1900b0aE.dag/Unity.XR.CoreUtils.Editor.dll (+2 others) [CacheWrite a2fcfe6ea19edd196a6cf21aa2c5261e00000000000000000000000000000006]
[           0s] Csc Library/Bee/artifacts/1900b0aE.dag/Unity.UnifiedRayTracing.Runtime.dll (+2 others) [CacheWrite 137c5f876a5214e63d6539362d0d4c5f00000000000000000000000000000006]
[           0s] Csc Library/Bee/artifacts/1900b0aE.dag/Unity.XR.ARAnalytics.Editor.dll (+2 others) [CacheMiss 73ae0f7bb7b487a472d5e3f6f8a8e1b200000000000000000000000000000006]
[           0s] Csc Library/Bee/artifacts/1900b0aE.dag/Unity.XR.Management.Editor.dll (+2 others) [CacheMiss 14b52bcd0f4777c35326b78a4ccced7d00000000000000000000000000000006]
[ 850/1415  1s] Csc Library/Bee/artifacts/1900b0aE.dag/Unity.VisualStudio.Editor.dll (+2 others)
[           0s] Csc Library/Bee/artifacts/1900b0aE.dag/Unity.VisualStudio.Editor.dll (+2 others) [CacheWrite ef4eea136a7d5fa83753ca2ddd306a8400000000000000000000000000000006]
[ 852/1415  1s] Csc Library/Bee/artifacts/1900b0aE.dag/Unity.XR.ARAnalytics.Editor.dll (+2 others)
[           0s] Csc Library/Bee/artifacts/1900b0aE.dag/Unity.XR.Interaction.Toolkit.Analytics.Editor.dll (+2 others) [CacheMiss dd3cfcf05039773b19e42231b4f13c7f00000000000000000000000000000006]
[ 853/1415  6s] Csc Library/Bee/artifacts/1900b0aE.dag/Unity.Burst.Editor.dll (+2 others)
[           0s] Csc Library/Bee/artifacts/1900b0aE.dag/Unity.XR.ARAnalytics.Editor.dll (+2 others) [CacheWrite 73ae0f7bb7b487a472d5e3f6f8a8e1b200000000000000000000000000000006]
[           0s] Csc Library/Bee/artifacts/1900b0aE.dag/Unity.Burst.Editor.dll (+2 others) [CacheWrite f8405461f5decc73cc4d0f82a5ba03ac00000000000000000000000000000006]
[ 855/1415  1s] Csc Library/Bee/artifacts/1900b0aE.dag/Unity.XR.Management.Editor.dll (+2 others)
[ 857/1415  2s] ILPP-Configuration Library/ilpp-configuration.nevergeneratedoutput
[           0s] Csc Library/Bee/artifacts/1900b0aE.dag/Unity.XR.Management.Editor.dll (+2 others) [CacheWrite 14b52bcd0f4777c35326b78a4ccced7d00000000000000000000000000000006]
[           0s] Csc Library/Bee/artifacts/1900b0aE.dag/Unity.Rider.Editor.dll (+2 others) [CacheMiss 3b3afea267bb7ea30a1dcb825f5a9c4600000000000000000000000000000006]
[           0s] Csc Library/Bee/artifacts/1900b0aE.dag/Unity.RenderPipelines.ShaderGraph.ShaderGraphLibrary.dll (+2 others) [CacheMiss 84b184111f049e768cc90c57fb455a7a00000000000000000000000000000006]
[           0s] Csc Library/Bee/artifacts/1900b0aE.dag/Unity.RenderPipelines.Core.ShaderLibrary.dll (+2 others) [CacheMiss 7e3102efba734ff070ed183ad0a0a8cf00000000000000000000000000000006]
[           0s] Csc Library/Bee/artifacts/1900b0aE.dag/Unity.Performance.Profile-Analyzer.Editor.dll (+2 others) [CacheMiss 57a2f64c0d78c888a270f198f5ddb31f00000000000000000000000000000006]
[ 859/1415  0s] Csc Library/Bee/artifacts/1900b0aE.dag/Unity.XR.Interaction.Toolkit.Analytics.Editor.dll (+2 others)
[ 860/1415  4s] Csc Library/Bee/artifacts/1900b0aE.dag/Unity.RenderPipelines.Core.Runtime.dll (+2 others)
[           0s] Csc Library/Bee/artifacts/1900b0aE.dag/Unity.XR.Interaction.Toolkit.Analytics.Editor.dll (+2 others) [CacheWrite dd3cfcf05039773b19e42231b4f13c7f00000000000000000000000000000006]
[ 862/1415  0s] Csc Library/Bee/artifacts/1900b0aE.dag/Unity.RenderPipelines.ShaderGraph.ShaderGraphLibrary.dll (+2 others)
[           0s] Csc Library/Bee/artifacts/1900b0aE.dag/Unity.RenderPipelines.Core.Runtime.dll (+2 others) [CacheWrite 5cc1c60bd9a9e35e6f73401e8f13c45600000000000000000000000000000006]
[ 863/1415  0s] Csc Library/Bee/artifacts/1900b0aE.dag/Unity.RenderPipelines.Core.ShaderLibrary.dll (+2 others)
[           0s] Csc Library/Bee/artifacts/1900b0aE.dag/UnityEditor.SpatialTracking.dll (+2 others) [CacheMiss 6e648c949b4b240935cec31e323548a100000000000000000000000000000006]
[           0s] Csc Library/Bee/artifacts/1900b0aE.dag/Unity.RenderPipelines.ShaderGraph.ShaderGraphLibrary.dll (+2 others) [CacheWrite 84b184111f049e768cc90c57fb455a7a00000000000000000000000000000006]
[           0s] Csc Library/Bee/artifacts/1900b0aE.dag/Unity.PathTracing.Runtime.dll (+2 others) [CacheMiss 1107cdd2310bf9aced6bb2322af14f6700000000000000000000000000000006]
[ 867/1415  1s] Csc Library/Bee/artifacts/1900b0aE.dag/Unity.Rider.Editor.dll (+2 others)
[           0s] Csc Library/Bee/artifacts/1900b0aE.dag/Unity.RenderPipelines.Core.ShaderLibrary.dll (+2 others) [CacheWrite 7e3102efba734ff070ed183ad0a0a8cf00000000000000000000000000000006]
[           0s] Csc Library/Bee/artifacts/1900b0aE.dag/Unity.RenderPipelines.Core.Runtime.Shared.dll (+2 others) [CacheMiss 1aa73004ea2af197b767fa41c561480200000000000000000000000000000006]
[           0s] Csc Library/Bee/artifacts/1900b0aE.dag/Unity.RenderPipelines.GPUDriven.Runtime.dll (+2 others) [CacheMiss ffc989e7a6fbec703f002ff7a2d2f2ce00000000000000000000000000000006]
[           0s] Csc Library/Bee/artifacts/1900b0aE.dag/Unity.Rider.Editor.dll (+2 others) [CacheWrite 3b3afea267bb7ea30a1dcb825f5a9c4600000000000000000000000000000006]
[           0s] Csc Library/Bee/artifacts/1900b0aE.dag/Unity.RenderPipeline.Universal.ShaderLibrary.dll (+2 others) [CacheMiss 2fc55d191eea932206ab6bcfe756bea400000000000000000000000000000006]
[ 870/1415  0s] Csc Library/Bee/artifacts/1900b0aE.dag/UnityEditor.SpatialTracking.dll (+2 others)
[           0s] Csc Library/Bee/artifacts/1900b0aE.dag/UnityEditor.SpatialTracking.dll (+2 others) [CacheWrite 6e648c949b4b240935cec31e323548a100000000000000000000000000000006]
[           0s] Csc Library/Bee/artifacts/1900b0aE.dag/Unity.RenderPipelines.Universal.Config.Runtime.dll (+2 others) [CacheMiss 6f4884f69bfafa3f05774f351cc989c000000000000000000000000000000006]
[ 872/1415  0s] Csc Library/Bee/artifacts/1900b0aE.dag/Unity.RenderPipeline.Universal.ShaderLibrary.dll (+2 others)
[ 873/1415  1s] Csc Library/Bee/artifacts/1900b0aE.dag/Unity.Performance.Profile-Analyzer.Editor.dll (+2 others)
[ 874/1415  0s] Csc Library/Bee/artifacts/1900b0aE.dag/Unity.RenderPipelines.Core.Runtime.Shared.dll (+2 others)
[           0s] Csc Library/Bee/artifacts/1900b0aE.dag/Unity.RenderPipeline.Universal.ShaderLibrary.dll (+2 others) [CacheWrite 2fc55d191eea932206ab6bcfe756bea400000000000000000000000000000006]
[           0s] Csc Library/Bee/artifacts/1900b0aE.dag/Unity.Performance.Profile-Analyzer.Editor.dll (+2 others) [CacheWrite 57a2f64c0d78c888a270f198f5ddb31f00000000000000000000000000000006]
[           0s] Csc Library/Bee/artifacts/1900b0aE.dag/Unity.RenderPipelines.Core.Runtime.Shared.dll (+2 others) [CacheWrite 1aa73004ea2af197b767fa41c561480200000000000000000000000000000006]
[ 878/1415  1s] Csc Library/Bee/artifacts/1900b0aE.dag/Unity.PathTracing.Runtime.dll (+2 others)
[           0s] Csc Library/Bee/artifacts/1900b0aE.dag/Unity.TextMeshPro.Editor.dll (+2 others) [CacheMiss b70cb193ca2962e4d4c49a966a35415a00000000000000000000000000000006]
[           0s] Csc Library/Bee/artifacts/1900b0aE.dag/Unity.Collections.Editor.dll (+2 others) [CacheMiss 7a230a9cd0a90519a093093e6cf7e1af00000000000000000000000000000006]
[ 879/1415  0s] Csc Library/Bee/artifacts/1900b0aE.dag/Unity.RenderPipelines.Universal.Config.Runtime.dll (+2 others)
[           0s] Csc Library/Bee/artifacts/1900b0aE.dag/Unity.TestTools.CodeCoverage.Editor.dll (+2 others) [CacheMiss fa1ca00323f274565a59a0390fd3ef2500000000000000000000000000000006]
[           0s] Csc Library/Bee/artifacts/1900b0aE.dag/Unity.PathTracing.Runtime.dll (+2 others) [CacheWrite 1107cdd2310bf9aced6bb2322af14f6700000000000000000000000000000006]
[           0s] Csc Library/Bee/artifacts/1900b0aE.dag/Unity.RenderPipelines.Universal.Config.Runtime.dll (+2 others) [CacheWrite 6f4884f69bfafa3f05774f351cc989c000000000000000000000000000000006]
[           0s] Csc Library/Bee/artifacts/1900b0aE.dag/Unity.SurfaceCache.Runtime.dll (+2 others) [CacheMiss 6f7b7096ebebd4afeceb4cee459f995d00000000000000000000000000000006]
[ 884/1415  1s] Csc Library/Bee/artifacts/1900b0aE.dag/Unity.RenderPipelines.GPUDriven.Runtime.dll (+2 others)
[           0s] Csc Library/Bee/artifacts/1900b0aE.dag/Unity.PathTracing.Editor.dll (+2 others) [CacheMiss bd732908d31d42cc1eb5046711a5033e00000000000000000000000000000006]
[ 885/1415  1s] Csc Library/Bee/artifacts/1900b0aE.dag/Unity.Collections.Editor.dll (+2 others)
[           0s] Csc Library/Bee/artifacts/1900b0aE.dag/Unity.RenderPipelines.GPUDriven.Runtime.dll (+2 others) [CacheWrite ffc989e7a6fbec703f002ff7a2d2f2ce00000000000000000000000000000006]
[ 887/1415  1s] Csc Library/Bee/artifacts/1900b0aE.dag/Unity.TestTools.CodeCoverage.Editor.dll (+2 others)
[ 888/1415  1s] Csc Library/Bee/artifacts/1900b0aE.dag/Unity.SurfaceCache.Runtime.dll (+2 others)
[ 889/1415  0s] Csc Library/Bee/artifacts/1900b0aE.dag/Unity.PathTracing.Editor.dll (+2 others)
[ 890/1415  1s] Csc Library/Bee/artifacts/1900b0aE.dag/Unity.TextMeshPro.Editor.dll (+2 others)
[           0s] Csc Library/Bee/artifacts/1900b0aE.dag/Unity.Rendering.LightTransport.Editor.dll (+2 others) [CacheMiss 0ecbe080195db9eae306475846d820de00000000000000000000000000000006]
[           0s] Csc Library/Bee/artifacts/1900b0aE.dag/Unity.SurfaceCache.Runtime.dll (+2 others) [CacheWrite 6f7b7096ebebd4afeceb4cee459f995d00000000000000000000000000000006]
[           0s] Csc Library/Bee/artifacts/1900b0aE.dag/Unity.TestTools.CodeCoverage.Editor.dll (+2 others) [CacheWrite fa1ca00323f274565a59a0390fd3ef2500000000000000000000000000000006]
[           0s] Csc Library/Bee/artifacts/1900b0aE.dag/Unity.Collections.Editor.dll (+2 others) [CacheWrite 7a230a9cd0a90519a093093e6cf7e1af00000000000000000000000000000006]
[           0s] Csc Library/Bee/artifacts/1900b0aE.dag/Unity.PathTracing.Editor.dll (+2 others) [CacheWrite bd732908d31d42cc1eb5046711a5033e00000000000000000000000000000006]
[           0s] Csc Library/Bee/artifacts/1900b0aE.dag/Unity.RenderPipelines.Universal.Runtime.dll (+2 others) [CacheMiss 5410d534b34bce357a443e5b06a9e37600000000000000000000000000000006]
[           0s] Csc Library/Bee/artifacts/1900b0aE.dag/Unity.TextMeshPro.Editor.dll (+2 others) [CacheWrite b70cb193ca2962e4d4c49a966a35415a00000000000000000000000000000006]
[           0s] Csc Library/Bee/artifacts/1900b0aE.dag/Unity.RenderPipelines.Core.Editor.dll (+2 others) [CacheMiss 5a95c5c81771628285f1b98f4440c80c00000000000000000000000000000006]
[           0s] Csc Library/Bee/artifacts/1900b0aE.dag/UnityEditor.UI.Analytics.dll (+2 others) [CacheMiss 53119741dbd727118981d498d9e7e58f00000000000000000000000000000006]
[           0s] Csc Library/Bee/artifacts/1900b0aE.dag/Unity.InputSystem.ForUI.Editor.dll (+2 others) [CacheMiss ed9d5c68663ad875f5029331e75dbaf800000000000000000000000000000006]
[           0s] Csc Library/Bee/artifacts/1900b0aE.dag/Unity.Multiplayer.Center.Editor.dll (+2 others) [CacheMiss e754828909b8fc7b04fdbb430b79c98000000000000000000000000000000006]
[ 895/1415  0s] Csc Library/Bee/artifacts/1900b0aE.dag/Unity.Rendering.LightTransport.Editor.dll (+2 others)
[           0s] Csc Library/Bee/artifacts/1900b0aE.dag/Unity.Rendering.LightTransport.Editor.dll (+2 others) [CacheWrite 0ecbe080195db9eae306475846d820de00000000000000000000000000000006]
[ 896/1415  0s] Csc Library/Bee/artifacts/1900b0aE.dag/Unity.InputSystem.ForUI.Editor.dll (+2 others)
[           0s] Csc Library/Bee/artifacts/1900b0aE.dag/Unity.Tutorials.Editor.dll (+2 others) [CacheMiss ae629d61e65515e98d41056488a53da300000000000000000000000000000006]
[ 897/1415  0s] Csc Library/Bee/artifacts/1900b0aE.dag/UnityEditor.UI.Analytics.dll (+2 others)
[           0s] Csc Library/Bee/artifacts/1900b0aE.dag/Unity.InputSystem.ForUI.Editor.dll (+2 others) [CacheWrite ed9d5c68663ad875f5029331e75dbaf800000000000000000000000000000006]
[           0s] Csc Library/Bee/artifacts/1900b0aE.dag/Unity.RenderPipelines.Universal.Shaders.dll (+2 others) [CacheMiss e295b54c027e6b3d9b652cad1cf46e4a00000000000000000000000000000006]
[           0s] Csc Library/Bee/artifacts/1900b0aE.dag/UnityEditor.UI.Analytics.dll (+2 others) [CacheWrite 53119741dbd727118981d498d9e7e58f00000000000000000000000000000006]
[ 898/1415  0s] Csc Library/Bee/artifacts/1900b0aE.dag/Unity.Multiplayer.Center.Editor.dll (+2 others)
[           0s] Csc Library/Bee/artifacts/1900b0aE.dag/Unity.PerformanceTesting.dll (+2 others) [CacheMiss 224d9ac8431b4a852176e8d9720b515d00000000000000000000000000000006]
[           0s] Csc Library/Bee/artifacts/1900b0aE.dag/Unity.Multiplayer.Center.Editor.dll (+2 others) [CacheWrite e754828909b8fc7b04fdbb430b79c98000000000000000000000000000000006]
[ 915/1415  0s] Csc Library/Bee/artifacts/1900b0aE.dag/Unity.RenderPipelines.Universal.Shaders.dll (+2 others)
[           0s] Csc Library/Bee/artifacts/1900b0aE.dag/Unity.InputSystem.TestFramework.dll (+2 others) [CacheMiss ca0022b5aba596ebc0f95bc057a3bbe600000000000000000000000000000006]
[           0s] Csc Library/Bee/artifacts/1900b0aE.dag/Unity.RenderPipelines.Universal.Shaders.dll (+2 others) [CacheWrite e295b54c027e6b3d9b652cad1cf46e4a00000000000000000000000000000006]
[           0s] Csc Library/Bee/artifacts/1900b0aE.dag/Unity.InputSystem.DocCodeSamples.dll (+2 others) [CacheMiss 776412fd0027ffcbc9bec3793b6bfc2400000000000000000000000000000006]
[ 917/1415  3s] Csc Library/Bee/artifacts/1900b0aE.dag/Unity.Tutorials.Editor.dll (+2 others)
[ 918/1415  2s] Csc Library/Bee/artifacts/1900b0aE.dag/Unity.PerformanceTesting.dll (+2 others)
[ 919/1415  2s] Csc Library/Bee/artifacts/1900b0aE.dag/Unity.InputSystem.TestFramework.dll (+2 others)
[           0s] Csc Library/Bee/artifacts/1900b0aE.dag/Unity.Tutorials.Editor.dll (+2 others) [CacheWrite ae629d61e65515e98d41056488a53da300000000000000000000000000000006]
[           0s] Csc Library/Bee/artifacts/1900b0aE.dag/Unity.PerformanceTesting.dll (+2 others) [CacheWrite 224d9ac8431b4a852176e8d9720b515d00000000000000000000000000000006]
[           0s] Csc Library/Bee/artifacts/1900b0aE.dag/Unity.InputSystem.TestFramework.dll (+2 others) [CacheWrite ca0022b5aba596ebc0f95bc057a3bbe600000000000000000000000000000006]
[ 923/1415  4s] Csc Library/Bee/artifacts/1900b0aE.dag/Unity.RenderPipelines.Core.Editor.dll (+2 others)
[ 924/1415  1s] Csc Library/Bee/artifacts/1900b0aE.dag/Unity.InputSystem.DocCodeSamples.dll (+2 others)
[           0s] Csc Library/Bee/artifacts/1900b0aE.dag/Unity.PerformanceTesting.Editor.dll (+2 others) [CacheMiss 68de04478bc5dae021b01d5bc401945400000000000000000000000000000006]
[ 925/1415  4s] Csc Library/Bee/artifacts/1900b0aE.dag/Unity.RenderPipelines.Universal.Runtime.dll (+2 others)
[           0s] Csc Library/Bee/artifacts/1900b0aE.dag/Unity.RenderPipelines.Core.Editor.dll (+2 others) [CacheWrite 5a95c5c81771628285f1b98f4440c80c00000000000000000000000000000006]
[           0s] Csc Library/Bee/artifacts/1900b0aE.dag/Unity.InputSystem.DocCodeSamples.dll (+2 others) [CacheWrite 776412fd0027ffcbc9bec3793b6bfc2400000000000000000000000000000006]
[           0s] Csc Library/Bee/artifacts/1900b0aE.dag/Unity.RenderPipelines.Universal.Runtime.dll (+2 others) [CacheWrite 5410d534b34bce357a443e5b06a9e37600000000000000000000000000000006]
[           0s] Csc Library/Bee/artifacts/1900b0aE.dag/Unity.ShaderGraph.Editor.dll (+2 others) [CacheMiss fff2af6c7097e340e27aba087a9cdfd100000000000000000000000000000006]
[           0s] Csc Library/Bee/artifacts/1900b0aE.dag/Unity.RenderPipelines.Core.Editor.Shared.dll (+2 others) [CacheMiss 64a6941a48014e0f88bf5294801e164000000000000000000000000000000006]
[ 931/1415  0s] ILPostProcess Library/Bee/artifacts/1900b0aE.dag/post-processed/Unity.InputSystem.TestFramework.dll (+pdb)
Processing assembly Library/Bee/artifacts/1900b0aE.dag/Unity.InputSystem.TestFramework.dll, with 147 defines and 283 references

processors: Unity.Jobs.CodeGen.JobsILPostProcessor, zzzUnity.Burst.CodeGen.BurstILPostProcessor

running Unity.Jobs.CodeGen.JobsILPostProcessor

running zzzUnity.Burst.CodeGen.BurstILPostProcessor
[ 932/1415  0s] ILPostProcess Library/Bee/artifacts/1900b0aE.dag/post-processed/Unity.Mathematics.dll (+pdb)
Processing assembly Library/Bee/artifacts/1900b0aE.dag/Unity.Mathematics.dll, with 145 defines and 286 references

processors: Unity.Jobs.CodeGen.JobsILPostProcessor, zzzUnity.Burst.CodeGen.BurstILPostProcessor

running Unity.Jobs.CodeGen.JobsILPostProcessor

running zzzUnity.Burst.CodeGen.BurstILPostProcessor
[           0s] Csc Library/Bee/artifacts/1900b0aE.dag/Unity.XR.CompositionLayers.dll (+2 others) [CacheMiss 50f3f82f9f7c53d52afef4db2b33048e00000000000000000000000000000006]
[           0s] Csc Library/Bee/artifacts/1900b0aE.dag/Unity.RenderPipelines.Universal.2D.Runtime.dll (+2 others) [CacheMiss 92dd2d8ffb0af94332d053f779d7c87800000000000000000000000000000006]
[           0s] Csc Library/Bee/artifacts/1900b0aE.dag/UnityEditor.XR.LegacyInputHelpers.dll (+2 others) [CacheMiss d86ec10df4a5d1b9083e0c8b2191d4c100000000000000000000000000000006]
[ 935/1415  0s] Csc Library/Bee/artifacts/1900b0aE.dag/Unity.PerformanceTesting.Editor.dll (+2 others)
[ 936/1415  0s] Csc Library/Bee/artifacts/1900b0aE.dag/UnityEditor.XR.LegacyInputHelpers.dll (+2 others)
[ 937/1415  0s] Csc Library/Bee/artifacts/1900b0aE.dag/Unity.RenderPipelines.Core.Editor.Shared.dll (+2 others)
[           0s] Csc Library/Bee/artifacts/1900b0aE.dag/Unity.PerformanceTesting.Editor.dll (+2 others) [CacheWrite 68de04478bc5dae021b01d5bc401945400000000000000000000000000000006]
[           0s] Csc Library/Bee/artifacts/1900b0aE.dag/Unity.RenderPipelines.Core.Editor.Shared.dll (+2 others) [CacheWrite 64a6941a48014e0f88bf5294801e164000000000000000000000000000000006]
[ 939/1415  1s] Csc Library/Bee/artifacts/1900b0aE.dag/Unity.XR.CompositionLayers.dll (+2 others)
[           0s] Csc Library/Bee/artifacts/1900b0aE.dag/UnityEditor.XR.LegacyInputHelpers.dll (+2 others) [CacheWrite d86ec10df4a5d1b9083e0c8b2191d4c100000000000000000000000000000006]
[ 941/1415  0s] ILPostProcess Library/Bee/artifacts/1900b0aE.dag/post-processed/Unity.SurfaceCache.Runtime.dll (+pdb)
Processing assembly Library/Bee/artifacts/1900b0aE.dag/Unity.SurfaceCache.Runtime.dll, with 145 defines and 290 references

processors: Unity.Jobs.CodeGen.JobsILPostProcessor, zzzUnity.Burst.CodeGen.BurstILPostProcessor

running Unity.Jobs.CodeGen.JobsILPostProcessor

running zzzUnity.Burst.CodeGen.BurstILPostProcessor
[           0s] Csc Library/Bee/artifacts/1900b0aE.dag/Unity.XR.CompositionLayers.dll (+2 others) [CacheWrite 50f3f82f9f7c53d52afef4db2b33048e00000000000000000000000000000006]
[ 944/1415  1s] Csc Library/Bee/artifacts/1900b0aE.dag/Unity.RenderPipelines.Universal.2D.Runtime.dll (+2 others)
[ 945/1415  0s] ILPostProcess Library/Bee/artifacts/1900b0aE.dag/post-processed/Unity.InputSystem.dll (+pdb)
Processing assembly Library/Bee/artifacts/1900b0aE.dag/Unity.InputSystem.dll, with 158 defines and 286 references

processors: Unity.Jobs.CodeGen.JobsILPostProcessor, zzzUnity.Burst.CodeGen.BurstILPostProcessor

running Unity.Jobs.CodeGen.JobsILPostProcessor

running zzzUnity.Burst.CodeGen.BurstILPostProcessor
[           0s] Csc Library/Bee/artifacts/1900b0aE.dag/Unity.XR.OpenXR.dll (+2 others) [CacheMiss 4bece106b78bfa1ca2d9cba56f3f072000000000000000000000000000000006]
[ 946/1415  0s] ILPostProcess Library/Bee/artifacts/1900b0aE.dag/post-processed/Unity.InternalAPIEngineBridge.RenderPipelines.Core.Runtime.Shared.dll (+pdb)
Processing assembly Library/Bee/artifacts/1900b0aE.dag/Unity.InternalAPIEngineBridge.RenderPipelines.Core.Runtime.Shared.dll, with 145 defines and 286 references

processors: Unity.Jobs.CodeGen.JobsILPostProcessor, zzzUnity.Burst.CodeGen.BurstILPostProcessor

running Unity.Jobs.CodeGen.JobsILPostProcessor

running zzzUnity.Burst.CodeGen.BurstILPostProcessor
[           0s] Csc Library/Bee/artifacts/1900b0aE.dag/Unity.RenderPipelines.Universal.2D.Runtime.dll (+2 others) [CacheWrite 92dd2d8ffb0af94332d053f779d7c87800000000000000000000000000000006]
[ 948/1415  0s] ILPostProcess Library/Bee/artifacts/1900b0aE.dag/post-processed/Unity.RenderPipelines.Universal.Config.Runtime.dll (+pdb)
Processing assembly Library/Bee/artifacts/1900b0aE.dag/Unity.RenderPipelines.Universal.Config.Runtime.dll, with 145 defines and 287 references

processors: Unity.Jobs.CodeGen.JobsILPostProcessor, zzzUnity.Burst.CodeGen.BurstILPostProcessor

running Unity.Jobs.CodeGen.JobsILPostProcessor

running zzzUnity.Burst.CodeGen.BurstILPostProcessor
[ 949/1415  0s] ILPostProcess Library/Bee/artifacts/1900b0aE.dag/post-processed/Unity.TextMeshPro.dll (+pdb)
Processing assembly Library/Bee/artifacts/1900b0aE.dag/Unity.TextMeshPro.dll, with 146 defines and 287 references

processors: Unity.Jobs.CodeGen.JobsILPostProcessor, zzzUnity.Burst.CodeGen.BurstILPostProcessor

running Unity.Jobs.CodeGen.JobsILPostProcessor

running zzzUnity.Burst.CodeGen.BurstILPostProcessor
[ 950/1415  0s] ILPostProcess Library/Bee/artifacts/1900b0aE.dag/post-processed/Unity.RenderPipelines.Universal.Shaders.dll (+pdb)
Processing assembly Library/Bee/artifacts/1900b0aE.dag/Unity.RenderPipelines.Universal.Shaders.dll, with 145 defines and 286 references

processors: Unity.Jobs.CodeGen.JobsILPostProcessor, zzzUnity.Burst.CodeGen.BurstILPostProcessor

running Unity.Jobs.CodeGen.JobsILPostProcessor

running zzzUnity.Burst.CodeGen.BurstILPostProcessor
[ 951/1415  3s] Csc Library/Bee/artifacts/1900b0aE.dag/Unity.XR.OpenXR.dll (+2 others)
[           0s] Csc Library/Bee/artifacts/1900b0aE.dag/Unity.XR.OpenXR.dll (+2 others) [CacheWrite 4bece106b78bfa1ca2d9cba56f3f072000000000000000000000000000000006]
[           0s] Csc Library/Bee/artifacts/1900b0aE.dag/Unity.XR.ARSubsystems.dll (+2 others) [CacheMiss 112441c1acab969313100aec6aa30b9f00000000000000000000000000000006]
[ 954/1415  3s] ILPostProcess Library/Bee/artifacts/1900b0aE.dag/post-processed/Unity.RenderPipelines.Core.ShaderLibrary.dll (+pdb)
Processing assembly Library/Bee/artifacts/1900b0aE.dag/Unity.RenderPipelines.Core.ShaderLibrary.dll, with 145 defines and 286 references

processors: Unity.Jobs.CodeGen.JobsILPostProcessor, zzzUnity.Burst.CodeGen.BurstILPostProcessor

running Unity.Jobs.CodeGen.JobsILPostProcessor

running zzzUnity.Burst.CodeGen.BurstILPostProcessor
[ 956/1415  3s] ILPostProcess Library/Bee/artifacts/1900b0aE.dag/post-processed/Unity.RenderPipelines.Universal.2D.Runtime.dll (+pdb)
Processing assembly Library/Bee/artifacts/1900b0aE.dag/Unity.RenderPipelines.Universal.2D.Runtime.dll, with 147 defines and 291 references

processors: Unity.Jobs.CodeGen.JobsILPostProcessor, zzzUnity.Burst.CodeGen.BurstILPostProcessor

running Unity.Jobs.CodeGen.JobsILPostProcessor

running zzzUnity.Burst.CodeGen.BurstILPostProcessor
[ 957/1415  3s] ILPostProcess Library/Bee/artifacts/1900b0aE.dag/post-processed/Unity.RenderPipelines.Universal.Runtime.dll (+pdb)
Processing assembly Library/Bee/artifacts/1900b0aE.dag/Unity.RenderPipelines.Universal.Runtime.dll, with 151 defines and 296 references

processors: Unity.Jobs.CodeGen.JobsILPostProcessor, zzzUnity.Burst.CodeGen.BurstILPostProcessor

running Unity.Jobs.CodeGen.JobsILPostProcessor

running zzzUnity.Burst.CodeGen.BurstILPostProcessor
[           0s] Csc Library/Bee/artifacts/1900b0aE.dag/Unity.XR.OpenXR.Features.MetaQuestSupport.dll (+2 others) [CacheMiss b73a2bb4a364441fae7d4c7cbe523bcb00000000000000000000000000000006]
[           0s] Csc Library/Bee/artifacts/1900b0aE.dag/Unity.XR.OpenXR.Features.ConformanceAutomation.dll (+2 others) [CacheMiss 48e66a22695f9a8fbc614e844a6fb16f00000000000000000000000000000006]
[           0s] Csc Library/Bee/artifacts/1900b0aE.dag/Unity.XR.OpenXR.Editor.dll (+2 others) [CacheMiss cbec4669cc1bbf9ec2c440e5f994d59d00000000000000000000000000000006]
[ 960/1415  3s] ILPostProcess Library/Bee/artifacts/1900b0aE.dag/post-processed/Unity.RenderPipelines.Core.Runtime.dll (+pdb)
Processing assembly Library/Bee/artifacts/1900b0aE.dag/Unity.RenderPipelines.Core.Runtime.dll, with 149 defines and 290 references

processors: Unity.Jobs.CodeGen.JobsILPostProcessor, zzzUnity.Burst.CodeGen.BurstILPostProcessor

running Unity.Jobs.CodeGen.JobsILPostProcessor

running zzzUnity.Burst.CodeGen.BurstILPostProcessor
[ 961/1415  0s] Csc Library/Bee/artifacts/1900b0aE.dag/Unity.XR.ARSubsystems.dll (+2 others)
[ 962/1415  0s] Csc Library/Bee/artifacts/1900b0aE.dag/Unity.XR.OpenXR.Features.MetaQuestSupport.dll (+2 others)
[ 963/1415  6s] Csc Library/Bee/artifacts/1900b0aE.dag/Unity.ShaderGraph.Editor.dll (+2 others)
[ 964/1415  0s] Csc Library/Bee/artifacts/1900b0aE.dag/Unity.XR.OpenXR.Features.ConformanceAutomation.dll (+2 others)
[           0s] Csc Library/Bee/artifacts/1900b0aE.dag/Unity.XR.ARSubsystems.dll (+2 others) [CacheWrite 112441c1acab969313100aec6aa30b9f00000000000000000000000000000006]
[           0s] Csc Library/Bee/artifacts/1900b0aE.dag/Unity.XR.OpenXR.Features.MetaQuestSupport.dll (+2 others) [CacheWrite b73a2bb4a364441fae7d4c7cbe523bcb00000000000000000000000000000006]
[           0s] Csc Library/Bee/artifacts/1900b0aE.dag/Unity.ShaderGraph.Editor.dll (+2 others) [CacheWrite fff2af6c7097e340e27aba087a9cdfd100000000000000000000000000000006]
[           0s] Csc Library/Bee/artifacts/1900b0aE.dag/Unity.XR.ARFoundation.InternalUtils.dll (+2 others) [CacheMiss d60205b32d69c7db71391a67715093f500000000000000000000000000000006]
[           0s] Csc Library/Bee/artifacts/1900b0aE.dag/Unity.XR.OpenXR.Features.ConformanceAutomation.dll (+2 others) [CacheWrite 48e66a22695f9a8fbc614e844a6fb16f00000000000000000000000000000006]
[           0s] Csc Library/Bee/artifacts/1900b0aE.dag/Unity.XR.OpenXR.Features.OculusQuestSupport.dll (+2 others) [CacheMiss e5937ba1a0065273dbc0273faa3a52b800000000000000000000000000000006]
[           0s] Csc Library/Bee/artifacts/1900b0aE.dag/Unity.RenderPipelines.Universal.Editor.dll (+2 others) [CacheMiss d5858cf11baaa0d5f7266207cd6c76cc00000000000000000000000000000006]
[           0s] Csc Library/Bee/artifacts/1900b0aE.dag/Unity.XR.ARSubsystems.Editor.dll (+2 others) [CacheMiss a71aa24ae00d2bb64cb9dc8b1eafeb9d00000000000000000000000000000006]
[ 973/1415  1s] Csc Library/Bee/artifacts/1900b0aE.dag/Unity.XR.OpenXR.Editor.dll (+2 others)
[           0s] Csc Library/Bee/artifacts/1900b0aE.dag/Unity.XR.OpenXR.Editor.dll (+2 others) [CacheWrite cbec4669cc1bbf9ec2c440e5f994d59d00000000000000000000000000000006]
[           0s] Csc Library/Bee/artifacts/1900b0aE.dag/Unity.XR.OpenXR.Features.RuntimeDebugger.dll (+2 others) [CacheMiss 9b7c3469e885c4929aa94b2792fd2b3100000000000000000000000000000006]
[ 976/1415  0s] Csc Library/Bee/artifacts/1900b0aE.dag/Unity.XR.OpenXR.Features.OculusQuestSupport.dll (+2 others)
[ 977/1415  0s] Csc Library/Bee/artifacts/1900b0aE.dag/Unity.XR.ARFoundation.InternalUtils.dll (+2 others)
[           0s] Csc Library/Bee/artifacts/1900b0aE.dag/Unity.XR.OpenXR.Features.OculusQuestSupport.dll (+2 others) [CacheWrite e5937ba1a0065273dbc0273faa3a52b800000000000000000000000000000006]
[           0s] Csc Library/Bee/artifacts/1900b0aE.dag/Unity.XR.ARFoundation.InternalUtils.dll (+2 others) [CacheWrite d60205b32d69c7db71391a67715093f500000000000000000000000000000006]
[           0s] Csc Library/Bee/artifacts/1900b0aE.dag/Unity.XR.ARFoundation.dll (+2 others) [CacheMiss def6bbb4d982c50b6d172b7ff6e0f70a00000000000000000000000000000006]
[ 982/1415  0s] Csc Library/Bee/artifacts/1900b0aE.dag/Unity.XR.ARSubsystems.Editor.dll (+2 others)
[           0s] Csc Library/Bee/artifacts/1900b0aE.dag/Unity.XR.Hands.dll (+2 others) [CacheMiss 4dc302237be94834a73facbc0b7651fa00000000000000000000000000000006]
[           0s] Csc Library/Bee/artifacts/1900b0aE.dag/Unity.XR.ARSubsystems.Editor.dll (+2 others) [CacheWrite a71aa24ae00d2bb64cb9dc8b1eafeb9d00000000000000000000000000000006]
[ 984/1415  0s] Csc Library/Bee/artifacts/1900b0aE.dag/Unity.XR.OpenXR.Features.RuntimeDebugger.dll (+2 others)
[           0s] Csc Library/Bee/artifacts/1900b0aE.dag/Unity.XR.Simulation.dll (+2 others) [CacheMiss 05ef7c52726727685312a276dc5a259900000000000000000000000000000006]
[           0s] Csc Library/Bee/artifacts/1900b0aE.dag/Unity.XR.OpenXR.Features.RuntimeDebugger.dll (+2 others) [CacheWrite 9b7c3469e885c4929aa94b2792fd2b3100000000000000000000000000000006]
[           0s] Csc Library/Bee/artifacts/1900b0aE.dag/Unity.XR.OpenXR.Features.MetaQuestSupport.Editor.dll (+2 others) [CacheMiss 03e866200a6a04b7663ba4e23435a5d700000000000000000000000000000006]
[ 990/1415  1s] Csc Library/Bee/artifacts/1900b0aE.dag/Unity.XR.OpenXR.Features.MetaQuestSupport.Editor.dll (+2 others)
[ 991/1415  1s] Csc Library/Bee/artifacts/1900b0aE.dag/Unity.XR.ARFoundation.dll (+2 others)
[           0s] Csc Library/Bee/artifacts/1900b0aE.dag/Unity.XR.ARFoundation.dll (+2 others) [CacheWrite def6bbb4d982c50b6d172b7ff6e0f70a00000000000000000000000000000006]
[           0s] Csc Library/Bee/artifacts/1900b0aE.dag/Unity.XR.OpenXR.Features.MetaQuestSupport.Editor.dll (+2 others) [CacheWrite 03e866200a6a04b7663ba4e23435a5d700000000000000000000000000000006]
[ 995/1415  2s] Csc Library/Bee/artifacts/1900b0aE.dag/Unity.XR.Hands.dll (+2 others)
[           0s] Csc Library/Bee/artifacts/1900b0aE.dag/Unity.XR.OpenXR.Features.OculusQuestSupport.Editor.dll (+2 others) [CacheMiss 219d5ef70ca56e828394dd4c18938d6700000000000000000000000000000006]
[           0s] Csc Library/Bee/artifacts/1900b0aE.dag/Unity.XR.ARFoundation.VisualScripting.dll (+2 others) [CacheMiss 637103a507598db8e68f275f4aebcc0f00000000000000000000000000000006]
[ 996/1415  1s] Csc Library/Bee/artifacts/1900b0aE.dag/Unity.XR.Simulation.dll (+2 others)
[           0s] Csc Library/Bee/artifacts/1900b0aE.dag/Unity.XR.Hands.dll (+2 others) [CacheWrite 4dc302237be94834a73facbc0b7651fa00000000000000000000000000000006]
[ 999/1415  2s] Csc Library/Bee/artifacts/1900b0aE.dag/Unity.RenderPipelines.Universal.Editor.dll (+2 others)
[           0s] Csc Library/Bee/artifacts/1900b0aE.dag/Unity.XR.Hands.Analytics.Editor.dll (+2 others) [CacheMiss 1b87d4ebc3eb46ccdbd64164b32d01f200000000000000000000000000000006]
[           0s] Csc Library/Bee/artifacts/1900b0aE.dag/Unity.XR.Simulation.dll (+2 others) [CacheWrite 05ef7c52726727685312a276dc5a259900000000000000000000000000000006]
[           0s] Csc Library/Bee/artifacts/1900b0aE.dag/Unity.RenderPipelines.Universal.Editor.dll (+2 others) [CacheWrite d5858cf11baaa0d5f7266207cd6c76cc00000000000000000000000000000006]
[           0s] Csc Library/Bee/artifacts/1900b0aE.dag/Unity.XR.Interaction.Toolkit.dll (+2 others) [CacheMiss 2eb5510718aab196f883bd8ba9eca39e00000000000000000000000000000006]
[1003/1415  0s] Csc Library/Bee/artifacts/1900b0aE.dag/Unity.XR.OpenXR.Features.OculusQuestSupport.Editor.dll (+2 others)
[           0s] Csc Library/Bee/artifacts/1900b0aE.dag/Unity.XR.AndroidOpenXR.dll (+2 others) [CacheMiss b088cd4d192dfce03cb33a24320bc89d00000000000000000000000000000006]
[1004/1415  0s] Csc Library/Bee/artifacts/1900b0aE.dag/Unity.XR.ARFoundation.VisualScripting.dll (+2 others)
[           0s] Csc Library/Bee/artifacts/1900b0aE.dag/Unity.XR.OpenXR.Features.OculusQuestSupport.Editor.dll (+2 others) [CacheWrite 219d5ef70ca56e828394dd4c18938d6700000000000000000000000000000006]
[           0s] Csc Library/Bee/artifacts/1900b0aE.dag/Unity.XR.ARFoundation.VisualScripting.dll (+2 others) [CacheWrite 637103a507598db8e68f275f4aebcc0f00000000000000000000000000000006]
[           0s] Csc Library/Bee/artifacts/1900b0aE.dag/Unity.XR.MetaOpenXR.dll (+2 others) [CacheMiss 396b154694a0709d57e86c73de23950b00000000000000000000000000000006]
[           0s] Csc Library/Bee/artifacts/1900b0aE.dag/Unity.XR.ARFoundation.Editor.dll (+2 others) [CacheMiss 813938bc48500bc30e54d6bc87449cc600000000000000000000000000000006]
[1011/1415  0s] Csc Library/Bee/artifacts/1900b0aE.dag/Unity.XR.Hands.Analytics.Editor.dll (+2 others)
[           0s] Csc Library/Bee/artifacts/1900b0aE.dag/Unity.XR.Hands.Analytics.Editor.dll (+2 others) [CacheWrite 1b87d4ebc3eb46ccdbd64164b32d01f200000000000000000000000000000006]
[           0s] Csc Library/Bee/artifacts/1900b0aE.dag/Unity.XR.Hands.Editor.dll (+2 others) [CacheMiss bc81162a1823ad9f6b392010c2a7adc400000000000000000000000000000006]
[1015/1415  0s] Csc Library/Bee/artifacts/1900b0aE.dag/Unity.XR.AndroidOpenXR.dll (+2 others)
[1016/1415  0s] Csc Library/Bee/artifacts/1900b0aE.dag/Unity.XR.ARFoundation.Editor.dll (+2 others)
[           0s] Csc Library/Bee/artifacts/1900b0aE.dag/Unity.XR.AndroidOpenXR.dll (+2 others) [CacheWrite b088cd4d192dfce03cb33a24320bc89d00000000000000000000000000000006]
[           0s] Csc Library/Bee/artifacts/1900b0aE.dag/Unity.XR.ARFoundation.Editor.dll (+2 others) [CacheWrite 813938bc48500bc30e54d6bc87449cc600000000000000000000000000000006]
[1019/1415  0s] Csc Library/Bee/artifacts/1900b0aE.dag/Unity.XR.MetaOpenXR.dll (+2 others)
[           0s] Csc Library/Bee/artifacts/1900b0aE.dag/Unity.XR.ARFoundation.VisualScripting.Editor.dll (+2 others) [CacheMiss bb19b259c449fed0425978c58570902800000000000000000000000000000006]
[           0s] Csc Library/Bee/artifacts/1900b0aE.dag/Unity.XR.AndroidOpenXR.Editor.dll (+2 others) [CacheMiss d3459e94775478b8ccb4d797c2434b7d00000000000000000000000000000006]
[           0s] Csc Library/Bee/artifacts/1900b0aE.dag/Unity.XR.MetaOpenXR.dll (+2 others) [CacheWrite 396b154694a0709d57e86c73de23950b00000000000000000000000000000006]
[1021/1415  1s] Csc Library/Bee/artifacts/1900b0aE.dag/Unity.XR.Hands.Editor.dll (+2 others)
[1022/1415  0s] Csc Library/Bee/artifacts/1900b0aE.dag/Unity.XR.ARFoundation.VisualScripting.Editor.dll (+2 others)
[           0s] Csc Library/Bee/artifacts/1900b0aE.dag/Unity.XR.Hands.Editor.dll (+2 others) [CacheWrite bc81162a1823ad9f6b392010c2a7adc400000000000000000000000000000006]
[1023/1415  1s] Csc Library/Bee/artifacts/1900b0aE.dag/Unity.XR.AndroidOpenXR.Editor.dll (+2 others)
[           1s] Csc Library/Bee/artifacts/1900b0aE.dag/Unity.XR.ARFoundation.VisualScripting.Editor.dll (+2 others) [CacheWrite bb19b259c449fed0425978c58570902800000000000000000000000000000006]
[           0s] Csc Library/Bee/artifacts/1900b0aE.dag/Unity.XR.OpenXR.Features.RuntimeDebugger.Editor.dll (+2 others) [CacheMiss 38d73658229f88be3677e0e00e46ab6600000000000000000000000000000006]
[           0s] Csc Library/Bee/artifacts/1900b0aE.dag/Unity.RenderPipelines.Universal.2D.Editor.Overrides.dll (+2 others) [CacheMiss 58ad20790e1a78a7e44d1ecf4f08a4a900000000000000000000000000000006]
[1024/1415  1s] Csc Library/Bee/artifacts/1900b0aE.dag/Unity.XR.Hands.Samples.VisualizerSample.dll (+2 others)
[           0s] Csc Library/Bee/artifacts/1900b0aE.dag/Unity.XR.AndroidOpenXR.Editor.dll (+2 others) [CacheWrite d3459e94775478b8ccb4d797c2434b7d00000000000000000000000000000006]
[           0s] Csc Library/Bee/artifacts/1900b0aE.dag/Unity.XR.Simulation.Editor.dll (+2 others) [CacheMiss 59d92c079aa8f0b12d0d11384e5b0cb900000000000000000000000000000006]
[           0s] Csc Library/Bee/artifacts/1900b0aE.dag/Unity.XR.Hands.Analytics.Hooks.Editor.dll (+2 others) [CacheMiss 4c1cb00ab58089b1bc4c223e79929e2500000000000000000000000000000006]
[1025/1415  0s] Csc Library/Bee/artifacts/1900b0aE.dag/Unity.XR.OpenXR.Features.RuntimeDebugger.Editor.dll (+2 others)
[1026/1415  7s] ILPostProcess Library/Bee/artifacts/1900b0aE.dag/post-processed/Unity.Collections.dll (+pdb)
Processing assembly Library/Bee/artifacts/1900b0aE.dag/Unity.Collections.dll, with 147 defines and 288 references

processors: Unity.Jobs.CodeGen.JobsILPostProcessor, zzzUnity.Burst.CodeGen.BurstILPostProcessor

running Unity.Jobs.CodeGen.JobsILPostProcessor

running zzzUnity.Burst.CodeGen.BurstILPostProcessor
[1027/1415  0s] Csc Library/Bee/artifacts/1900b0aE.dag/Unity.RenderPipelines.Universal.2D.Editor.Overrides.dll (+2 others)
[           0s] Csc Library/Bee/artifacts/1900b0aE.dag/Unity.XR.OpenXR.Features.RuntimeDebugger.Editor.dll (+2 others) [CacheWrite 38d73658229f88be3677e0e00e46ab6600000000000000000000000000000006]
[           0s] Csc Library/Bee/artifacts/1900b0aE.dag/Unity.XR.ARFoundation.InternalUtils.Editor.dll (+2 others) [CacheMiss c718edcfdc7e677a2963e12073aa52ce00000000000000000000000000000006]
[           0s] Csc Library/Bee/artifacts/1900b0aE.dag/Unity.RenderPipelines.Universal.2D.Editor.Overrides.dll (+2 others) [CacheWrite 58ad20790e1a78a7e44d1ecf4f08a4a900000000000000000000000000000006]
[1029/1415  0s] Csc Library/Bee/artifacts/1900b0aE.dag/Unity.XR.Hands.Analytics.Hooks.Editor.dll (+2 others)
[           0s] Csc Library/Bee/artifacts/1900b0aE.dag/Unity.XR.OpenXR.Features.MockRuntime.dll (+2 others) [CacheMiss ec3e491f1f5bc82e64e08c3e6dff96ab00000000000000000000000000000006]
[1038/1415  4s] Csc Library/Bee/artifacts/1900b0aE.dag/Unity.XR.Interaction.Toolkit.dll (+2 others)
[1043/1415  0s] Csc Library/Bee/artifacts/1900b0aE.dag/Unity.XR.Simulation.Editor.dll (+2 others)
[           0s] Csc Library/Bee/artifacts/1900b0aE.dag/Unity.XR.Hands.CodeSamples.Editor.Tests.dll (+2 others) [CacheMiss 4f949b7c9a25da4f4506d87536f12c0000000000000000000000000000000006]
[           0s] Csc Library/Bee/artifacts/1900b0aE.dag/Unity.XR.Simulation.Editor.dll (+2 others) [CacheWrite 59d92c079aa8f0b12d0d11384e5b0cb900000000000000000000000000000006]
[           0s] Csc Library/Bee/artifacts/1900b0aE.dag/Unity.XR.Hands.Analytics.Hooks.Editor.dll (+2 others) [CacheWrite 4c1cb00ab58089b1bc4c223e79929e2500000000000000000000000000000006]
[           0s] Csc Library/Bee/artifacts/1900b0aE.dag/Unity.XR.Interaction.Toolkit.dll (+2 others) [CacheWrite 2eb5510718aab196f883bd8ba9eca39e00000000000000000000000000000006]
[           0s] Csc Library/Bee/artifacts/1900b0aE.dag/Unity.XR.CompositionLayers.UIInteraction.dll (+2 others) [CacheMiss 40c2dff3fd781a75352ef11dd8a8648f00000000000000000000000000000006]
[1048/1415  0s] Csc Library/Bee/artifacts/1900b0aE.dag/Unity.XR.ARFoundation.InternalUtils.Editor.dll (+2 others)
[           0s] Csc Library/Bee/artifacts/1900b0aE.dag/Unity.XR.ARFoundation.InternalUtils.Editor.dll (+2 others) [CacheWrite c718edcfdc7e677a2963e12073aa52ce00000000000000000000000000000006]
[1050/1415  0s] Csc Library/Bee/artifacts/1900b0aE.dag/Unity.XR.OpenXR.Features.MockRuntime.dll (+2 others)
[           0s] Csc Library/Bee/artifacts/1900b0aE.dag/Unity.XR.Interaction.Toolkit.Editor.dll (+2 others) [CacheMiss d251519d861b39ac813755c12ea43f8e00000000000000000000000000000006]
[1051/1415  0s] ILPostProcess Library/Bee/artifacts/1900b0aE.dag/post-processed/Unity.XR.CompositionLayers.dll (+pdb)
Processing assembly Library/Bee/artifacts/1900b0aE.dag/Unity.XR.CompositionLayers.dll, with 151 defines and 290 references

processors: Unity.Jobs.CodeGen.JobsILPostProcessor, zzzUnity.Burst.CodeGen.BurstILPostProcessor

running Unity.Jobs.CodeGen.JobsILPostProcessor

running zzzUnity.Burst.CodeGen.BurstILPostProcessor
[1054/1415  0s] Csc Library/Bee/artifacts/1900b0aE.dag/Unity.XR.Hands.CodeSamples.Editor.Tests.dll (+2 others)
[           0s] Csc Library/Bee/artifacts/1900b0aE.dag/Unity.XR.OpenXR.Features.MockRuntime.dll (+2 others) [CacheWrite ec3e491f1f5bc82e64e08c3e6dff96ab00000000000000000000000000000006]
[           0s] Csc Library/Bee/artifacts/1900b0aE.dag/Unity.XR.Hands.CodeSamples.Editor.Tests.dll (+2 others) [CacheWrite 4f949b7c9a25da4f4506d87536f12c0000000000000000000000000000000006]
[1059/1415  0s] Csc Library/Bee/artifacts/1900b0aE.dag/Unity.XR.CompositionLayers.UIInteraction.dll (+2 others)
[           0s] Csc Library/Bee/artifacts/1900b0aE.dag/Unity.XR.OpenXR.TestTooling.dll (+2 others) [CacheMiss 2f89d5616917b279643d12df73a531a600000000000000000000000000000006]
[1060/1415  0s] ILPostProcess Library/Bee/artifacts/1900b0aE.dag/post-processed/Unity.RenderPipelines.ShaderGraph.ShaderGraphLibrary.dll (+pdb)
Processing assembly Library/Bee/artifacts/1900b0aE.dag/Unity.RenderPipelines.ShaderGraph.ShaderGraphLibrary.dll, with 145 defines and 286 references

processors: Unity.Jobs.CodeGen.JobsILPostProcessor, zzzUnity.Burst.CodeGen.BurstILPostProcessor

running Unity.Jobs.CodeGen.JobsILPostProcessor

running zzzUnity.Burst.CodeGen.BurstILPostProcessor
[           0s] Csc Library/Bee/artifacts/1900b0aE.dag/Unity.XR.CompositionLayers.UIInteraction.dll (+2 others) [CacheWrite 40c2dff3fd781a75352ef11dd8a8648f00000000000000000000000000000006]
[           0s] Csc Library/Bee/artifacts/1900b0aE.dag/Unity.XR.Interaction.Toolkit.CodeSamples.Tests.dll (+2 others) [CacheMiss 3cab9fd42f039b93f028fdc9c685545400000000000000000000000000000006]
[           0s] Csc Library/Bee/artifacts/1900b0aE.dag/Unity.XR.CompositionLayers.Editor.dll (+2 others) [CacheMiss 9c4a63a30e1bc06fb9d05ca83e20ca6d00000000000000000000000000000006]
[1063/1415  0s] Csc Library/Bee/artifacts/1900b0aE.dag/Unity.XR.Interaction.Toolkit.Samples.Hands.dll (+2 others)
[1064/1415  0s] Csc Library/Bee/artifacts/1900b0aE.dag/Unity.XR.Interaction.Toolkit.Samples.StarterAssets.dll (+2 others)
[           0s] Csc Library/Bee/artifacts/1900b0aE.dag/Unity.XR.CompositionLayers.UIInteraction.Editor.dll (+2 others) [CacheMiss a156da4f9e326c24103021b785bd138b00000000000000000000000000000006]
[1068/1415  0s] Csc Library/Bee/artifacts/1900b0aE.dag/Unity.XR.OpenXR.TestTooling.dll (+2 others)
[           0s] Csc Library/Bee/artifacts/1900b0aE.dag/Unity.XR.OpenXR.TestTooling.dll (+2 others) [CacheWrite 2f89d5616917b279643d12df73a531a600000000000000000000000000000006]
[1069/1415  0s] Csc Library/Bee/artifacts/1900b0aE.dag/Unity.XR.Interaction.Toolkit.CodeSamples.Tests.dll (+2 others)
[1070/1415  0s] Csc Library/Bee/artifacts/1900b0aE.dag/Unity.XR.CompositionLayers.UIInteraction.Editor.dll (+2 others)
[1071/1415  1s] Csc Library/Bee/artifacts/1900b0aE.dag/Unity.XR.Interaction.Toolkit.Editor.dll (+2 others)
[1072/1415  0s] ILPostProcess Library/Bee/artifacts/1900b0aE.dag/post-processed/Unity.XR.Interaction.Toolkit.Samples.StarterAssets.dll (+pdb)
Processing assembly Library/Bee/artifacts/1900b0aE.dag/Unity.XR.Interaction.Toolkit.Samples.StarterAssets.dll, with 146 defines and 292 references

processors: Unity.Jobs.CodeGen.JobsILPostProcessor, zzzUnity.Burst.CodeGen.BurstILPostProcessor

running Unity.Jobs.CodeGen.JobsILPostProcessor

running zzzUnity.Burst.CodeGen.BurstILPostProcessor
[           0s] Csc Library/Bee/artifacts/1900b0aE.dag/Unity.XR.Interaction.Toolkit.CodeSamples.Tests.dll (+2 others) [CacheWrite 3cab9fd42f039b93f028fdc9c685545400000000000000000000000000000006]
[1073/1415  0s] Csc Library/Bee/artifacts/1900b0aE.dag/Unity.XR.CompositionLayers.Editor.dll (+2 others)
[           0s] Csc Library/Bee/artifacts/1900b0aE.dag/Unity.XR.CompositionLayers.UIInteraction.Editor.dll (+2 others) [CacheWrite a156da4f9e326c24103021b785bd138b00000000000000000000000000000006]
[           0s] Csc Library/Bee/artifacts/1900b0aE.dag/Unity.XR.Interaction.Toolkit.Editor.dll (+2 others) [CacheWrite d251519d861b39ac813755c12ea43f8e00000000000000000000000000000006]
[           0s] Csc Library/Bee/artifacts/1900b0aE.dag/Unity.XR.CompositionLayers.Editor.dll (+2 others) [CacheWrite 9c4a63a30e1bc06fb9d05ca83e20ca6d00000000000000000000000000000006]
[1081/1415  0s] ILPostProcess Library/Bee/artifacts/1900b0aE.dag/post-processed/Unity.InternalAPIEngineBridge.004.dll (+pdb)
Processing assembly Library/Bee/artifacts/1900b0aE.dag/Unity.InternalAPIEngineBridge.004.dll, with 145 defines and 286 references

processors: Unity.Jobs.CodeGen.JobsILPostProcessor, zzzUnity.Burst.CodeGen.BurstILPostProcessor

running Unity.Jobs.CodeGen.JobsILPostProcessor

running zzzUnity.Burst.CodeGen.BurstILPostProcessor
[           0s] Csc Library/Bee/artifacts/1900b0aE.dag/Unity.XR.MetaOpenXR.Editor.dll (+2 others) [CacheMiss d57c6e02f24fe224bdd40b6ae52d122700000000000000000000000000000006]
[1082/1415  0s] ILPostProcess Library/Bee/artifacts/1900b0aE.dag/post-processed/Unity.XR.OpenXR.TestTooling.dll (+pdb)
Processing assembly Library/Bee/artifacts/1900b0aE.dag/Unity.XR.OpenXR.TestTooling.dll, with 145 defines and 287 references

processors: Unity.Jobs.CodeGen.JobsILPostProcessor, zzzUnity.Burst.CodeGen.BurstILPostProcessor

running Unity.Jobs.CodeGen.JobsILPostProcessor

running zzzUnity.Burst.CodeGen.BurstILPostProcessor
[1083/1415  0s] ILPostProcess Library/Bee/artifacts/1900b0aE.dag/post-processed/Unity.Multiplayer.Center.Common.dll (+pdb)
Processing assembly Library/Bee/artifacts/1900b0aE.dag/Unity.Multiplayer.Center.Common.dll, with 145 defines and 286 references

processors: Unity.Jobs.CodeGen.JobsILPostProcessor, zzzUnity.Burst.CodeGen.BurstILPostProcessor

running Unity.Jobs.CodeGen.JobsILPostProcessor

running zzzUnity.Burst.CodeGen.BurstILPostProcessor
[           0s] Csc Library/Bee/artifacts/1900b0aE.dag/Unity.XR.Interaction.Toolkit.Analytics.Hooks.Editor.dll (+2 others) [CacheMiss 657b2d2fb18d7e0f1a6014d18520fa1500000000000000000000000000000006]
[1084/1415  0s] ILPostProcess Library/Bee/artifacts/1900b0aE.dag/post-processed/Unity.PerformanceTesting.dll (+pdb)
Processing assembly Library/Bee/artifacts/1900b0aE.dag/Unity.PerformanceTesting.dll, with 146 defines and 281 references

processors: Unity.Jobs.CodeGen.JobsILPostProcessor, zzzUnity.Burst.CodeGen.BurstILPostProcessor

running Unity.Jobs.CodeGen.JobsILPostProcessor

running zzzUnity.Burst.CodeGen.BurstILPostProcessor
[1085/1415  0s] Csc Library/Bee/artifacts/1900b0aE.dag/Unity.XR.Interaction.Toolkit.Samples.StarterAssets.Editor.dll (+2 others)
[1087/1415  0s] Csc Library/Bee/artifacts/1900b0aE.dag/Unity.XR.MetaOpenXR.Editor.dll (+2 others)
[1088/1415  0s] Csc Library/Bee/artifacts/1900b0aE.dag/Unity.XR.Interaction.Toolkit.Samples.Hands.Editor.dll (+2 others)
[1090/1415  0s] ILPostProcess Library/Bee/artifacts/1900b0aE.dag/post-processed/Unity.XR.ARSubsystems.dll (+pdb)
Processing assembly Library/Bee/artifacts/1900b0aE.dag/Unity.XR.ARSubsystems.dll, with 147 defines and 289 references

processors: Unity.Jobs.CodeGen.JobsILPostProcessor, zzzUnity.Burst.CodeGen.BurstILPostProcessor

running Unity.Jobs.CodeGen.JobsILPostProcessor

running zzzUnity.Burst.CodeGen.BurstILPostProcessor
[1091/1415  0s] Csc Library/Bee/artifacts/1900b0aE.dag/Unity.XR.Interaction.Toolkit.Analytics.Hooks.Editor.dll (+2 others)
[           0s] Csc Library/Bee/artifacts/1900b0aE.dag/Unity.XR.MetaOpenXR.Editor.dll (+2 others) [CacheWrite d57c6e02f24fe224bdd40b6ae52d122700000000000000000000000000000006]
[           0s] Csc Library/Bee/artifacts/1900b0aE.dag/Unity.XR.Interaction.Toolkit.Analytics.Hooks.Editor.dll (+2 others) [CacheWrite 657b2d2fb18d7e0f1a6014d18520fa1500000000000000000000000000000006]
[1095/1415  0s] ILPostProcess Library/Bee/artifacts/1900b0aE.dag/post-processed/Unity.UnifiedRayTracing.Runtime.dll (+pdb)
Processing assembly Library/Bee/artifacts/1900b0aE.dag/Unity.UnifiedRayTracing.Runtime.dll, with 146 defines and 289 references

processors: Unity.Jobs.CodeGen.JobsILPostProcessor, zzzUnity.Burst.CodeGen.BurstILPostProcessor

running Unity.Jobs.CodeGen.JobsILPostProcessor

running zzzUnity.Burst.CodeGen.BurstILPostProcessor
[1096/1415  0s] ILPostProcess Library/Bee/artifacts/1900b0aE.dag/post-processed/Unity.XR.AndroidOpenXR.dll (+pdb)
Processing assembly Library/Bee/artifacts/1900b0aE.dag/Unity.XR.AndroidOpenXR.dll, with 147 defines and 295 references

processors: Unity.Jobs.CodeGen.JobsILPostProcessor, zzzUnity.Burst.CodeGen.BurstILPostProcessor

running Unity.Jobs.CodeGen.JobsILPostProcessor

running zzzUnity.Burst.CodeGen.BurstILPostProcessor
[1097/1415  0s] ILPostProcess Library/Bee/artifacts/1900b0aE.dag/post-processed/Unity.XR.MetaOpenXR.dll (+pdb)
Processing assembly Library/Bee/artifacts/1900b0aE.dag/Unity.XR.MetaOpenXR.dll, with 146 defines and 293 references

processors: Unity.Jobs.CodeGen.JobsILPostProcessor, zzzUnity.Burst.CodeGen.BurstILPostProcessor

running Unity.Jobs.CodeGen.JobsILPostProcessor

running zzzUnity.Burst.CodeGen.BurstILPostProcessor
[1098/1415  0s] ILPostProcess Library/Bee/artifacts/1900b0aE.dag/post-processed/UnityEngine.SpatialTracking.dll (+pdb)
Processing assembly Library/Bee/artifacts/1900b0aE.dag/UnityEngine.SpatialTracking.dll, with 145 defines and 286 references

processors: Unity.Jobs.CodeGen.JobsILPostProcessor, zzzUnity.Burst.CodeGen.BurstILPostProcessor

running Unity.Jobs.CodeGen.JobsILPostProcessor

running zzzUnity.Burst.CodeGen.BurstILPostProcessor
[1099/1415  0s] ILPostProcess Library/Bee/artifacts/1900b0aE.dag/post-processed/Unity.XR.OpenXR.Features.MockRuntime.dll (+pdb)
Processing assembly Library/Bee/artifacts/1900b0aE.dag/Unity.XR.OpenXR.Features.MockRuntime.dll, with 145 defines and 285 references

processors: Unity.Jobs.CodeGen.JobsILPostProcessor, zzzUnity.Burst.CodeGen.BurstILPostProcessor

running Unity.Jobs.CodeGen.JobsILPostProcessor

running zzzUnity.Burst.CodeGen.BurstILPostProcessor
[1100/1415  0s] MovedFromExtractor-Combine Library/Bee/artifacts/1900b0aE.dag/Assembly-CSharp-Editor.dll.mvfrm
[1101/1415  0s] Csc Library/Bee/artifacts/1900b0aE.dag/Assembly-CSharp.dll (+2 others)
[1102/1415  0s] ILPostProcess Library/Bee/artifacts/1900b0aE.dag/post-processed/Unity.XR.Interaction.Toolkit.Samples.Hands.dll (+pdb)
Processing assembly Library/Bee/artifacts/1900b0aE.dag/Unity.XR.Interaction.Toolkit.Samples.Hands.dll, with 148 defines and 292 references

processors: Unity.Jobs.CodeGen.JobsILPostProcessor, zzzUnity.Burst.CodeGen.BurstILPostProcessor

running Unity.Jobs.CodeGen.JobsILPostProcessor

running zzzUnity.Burst.CodeGen.BurstILPostProcessor
[1103/1415  0s] ILPostProcess Library/Bee/artifacts/1900b0aE.dag/post-processed/Unity.XR.CompositionLayers.UIInteraction.dll (+pdb)
Processing assembly Library/Bee/artifacts/1900b0aE.dag/Unity.XR.CompositionLayers.UIInteraction.dll, with 148 defines and 290 references

processors: Unity.Jobs.CodeGen.JobsILPostProcessor, zzzUnity.Burst.CodeGen.BurstILPostProcessor

running Unity.Jobs.CodeGen.JobsILPostProcessor

running zzzUnity.Burst.CodeGen.BurstILPostProcessor
[1104/1415  0s] ILPostProcess Library/Bee/artifacts/1900b0aE.dag/post-processed/Unity.XR.OpenXR.Features.OculusQuestSupport.dll (+pdb)
Processing assembly Library/Bee/artifacts/1900b0aE.dag/Unity.XR.OpenXR.Features.OculusQuestSupport.dll, with 145 defines and 288 references

processors: Unity.Jobs.CodeGen.JobsILPostProcessor, zzzUnity.Burst.CodeGen.BurstILPostProcessor

running Unity.Jobs.CodeGen.JobsILPostProcessor

running zzzUnity.Burst.CodeGen.BurstILPostProcessor
[1105/1415  0s] ILPostProcess Library/Bee/artifacts/1900b0aE.dag/post-processed/Unity.XR.OpenXR.Features.RuntimeDebugger.dll (+pdb)
Processing assembly Library/Bee/artifacts/1900b0aE.dag/Unity.XR.OpenXR.Features.RuntimeDebugger.dll, with 145 defines and 284 references

processors: Unity.Jobs.CodeGen.JobsILPostProcessor, zzzUnity.Burst.CodeGen.BurstILPostProcessor

running Unity.Jobs.CodeGen.JobsILPostProcessor

running zzzUnity.Burst.CodeGen.BurstILPostProcessor
[1106/1415  0s] ILPostProcess Library/Bee/artifacts/1900b0aE.dag/post-processed/Unity.XR.CoreUtils.dll (+pdb)
Processing assembly Library/Bee/artifacts/1900b0aE.dag/Unity.XR.CoreUtils.dll, with 151 defines and 288 references

processors: Unity.Jobs.CodeGen.JobsILPostProcessor, zzzUnity.Burst.CodeGen.BurstILPostProcessor

running Unity.Jobs.CodeGen.JobsILPostProcessor

running zzzUnity.Burst.CodeGen.BurstILPostProcessor
[1107/1415  0s] ILPostProcess Library/Bee/artifacts/1900b0aE.dag/post-processed/Unity.PathTracing.Runtime.dll (+pdb)
Processing assembly Library/Bee/artifacts/1900b0aE.dag/Unity.PathTracing.Runtime.dll, with 146 defines and 290 references

processors: Unity.Jobs.CodeGen.JobsILPostProcessor, zzzUnity.Burst.CodeGen.BurstILPostProcessor

running Unity.Jobs.CodeGen.JobsILPostProcessor

running zzzUnity.Burst.CodeGen.BurstILPostProcessor
[1108/1415  0s] Csc Library/Bee/artifacts/1900b0aE.dag/Assembly-CSharp-Editor.dll (+2 others)
[1109/1415  2s] ILPostProcess Library/Bee/artifacts/1900b0aE.dag/post-processed/Unity.RenderPipelines.Core.Runtime.Shared.dll (+pdb)
Processing assembly Library/Bee/artifacts/1900b0aE.dag/Unity.RenderPipelines.Core.Runtime.Shared.dll, with 145 defines and 289 references

processors: Unity.Jobs.CodeGen.JobsILPostProcessor, zzzUnity.Burst.CodeGen.BurstILPostProcessor

running Unity.Jobs.CodeGen.JobsILPostProcessor

running zzzUnity.Burst.CodeGen.BurstILPostProcessor
[1110/1415  2s] ILPostProcess Library/Bee/artifacts/1900b0aE.dag/post-processed/Unity.XR.Interaction.Toolkit.dll (+pdb)
Processing assembly Library/Bee/artifacts/1900b0aE.dag/Unity.XR.Interaction.Toolkit.dll, with 165 defines and 300 references

processors: Unity.Jobs.CodeGen.JobsILPostProcessor, zzzUnity.Burst.CodeGen.BurstILPostProcessor

running Unity.Jobs.CodeGen.JobsILPostProcessor

running zzzUnity.Burst.CodeGen.BurstILPostProcessor
[1111/1415  2s] ILPostProcess Library/Bee/artifacts/1900b0aE.dag/post-processed/Unity.XR.Simulation.dll (+pdb)
Processing assembly Library/Bee/artifacts/1900b0aE.dag/Unity.XR.Simulation.dll, with 147 defines and 294 references

processors: Unity.Jobs.CodeGen.JobsILPostProcessor, zzzUnity.Burst.CodeGen.BurstILPostProcessor

running Unity.Jobs.CodeGen.JobsILPostProcessor

running zzzUnity.Burst.CodeGen.BurstILPostProcessor
[1112/1415  2s] ILPostProcess Library/Bee/artifacts/1900b0aE.dag/post-processed/Unity.RenderPipelines.GPUDriven.Runtime.dll (+pdb)
Processing assembly Library/Bee/artifacts/1900b0aE.dag/Unity.RenderPipelines.GPUDriven.Runtime.dll, with 145 defines and 290 references

processors: Unity.Jobs.CodeGen.JobsILPostProcessor, zzzUnity.Burst.CodeGen.BurstILPostProcessor

running Unity.Jobs.CodeGen.JobsILPostProcessor

running zzzUnity.Burst.CodeGen.BurstILPostProcessor
[1113/1415  2s] ILPostProcess Library/Bee/artifacts/1900b0aE.dag/post-processed/Unity.XR.Hands.dll (+pdb)
Processing assembly Library/Bee/artifacts/1900b0aE.dag/Unity.XR.Hands.dll, with 150 defines and 294 references

processors: Unity.Jobs.CodeGen.JobsILPostProcessor, zzzUnity.Burst.CodeGen.BurstILPostProcessor

running Unity.Jobs.CodeGen.JobsILPostProcessor

running zzzUnity.Burst.CodeGen.BurstILPostProcessor
[1114/1415  2s] ILPostProcess Library/Bee/artifacts/1900b0aE.dag/post-processed/Unity.Burst.dll (+pdb)
Processing assembly Library/Bee/artifacts/1900b0aE.dag/Unity.Burst.dll, with 145 defines and 283 references

processors: Unity.Jobs.CodeGen.JobsILPostProcessor, zzzUnity.Burst.CodeGen.BurstILPostProcessor

running Unity.Jobs.CodeGen.JobsILPostProcessor

running zzzUnity.Burst.CodeGen.BurstILPostProcessor
[1115/1415  0s] ILPostProcess Library/Bee/artifacts/1900b0aE.dag/post-processed/Unity.Tutorials.dll (+pdb)
Processing assembly Library/Bee/artifacts/1900b0aE.dag/Unity.Tutorials.dll, with 145 defines and 286 references

processors: Unity.Jobs.CodeGen.JobsILPostProcessor, zzzUnity.Burst.CodeGen.BurstILPostProcessor

running Unity.Jobs.CodeGen.JobsILPostProcessor

running zzzUnity.Burst.CodeGen.BurstILPostProcessor
[1116/1415  0s] ILPostProcess Library/Bee/artifacts/1900b0aE.dag/post-processed/Unity.XR.OpenXR.dll (+pdb)
Processing assembly Library/Bee/artifacts/1900b0aE.dag/Unity.XR.OpenXR.dll, with 154 defines and 291 references

processors: Unity.Jobs.CodeGen.JobsILPostProcessor, zzzUnity.Burst.CodeGen.BurstILPostProcessor

running Unity.Jobs.CodeGen.JobsILPostProcessor

running zzzUnity.Burst.CodeGen.BurstILPostProcessor
[1117/1415  0s] ILPostProcess Library/Bee/artifacts/1900b0aE.dag/post-processed/Unity.XR.OpenXR.Features.MetaQuestSupport.dll (+pdb)
Processing assembly Library/Bee/artifacts/1900b0aE.dag/Unity.XR.OpenXR.Features.MetaQuestSupport.dll, with 146 defines and 288 references

processors: Unity.Jobs.CodeGen.JobsILPostProcessor, zzzUnity.Burst.CodeGen.BurstILPostProcessor

running Unity.Jobs.CodeGen.JobsILPostProcessor

running zzzUnity.Burst.CodeGen.BurstILPostProcessor
[1118/1415  0s] ILPostProcess Library/Bee/artifacts/1900b0aE.dag/post-processed/Unity.XR.Management.dll (+pdb)
Processing assembly Library/Bee/artifacts/1900b0aE.dag/Unity.XR.Management.dll, with 146 defines and 286 references

processors: Unity.Jobs.CodeGen.JobsILPostProcessor, zzzUnity.Burst.CodeGen.BurstILPostProcessor

running Unity.Jobs.CodeGen.JobsILPostProcessor

running zzzUnity.Burst.CodeGen.BurstILPostProcessor
[1119/1415  0s] ILPostProcess Library/Bee/artifacts/1900b0aE.dag/post-processed/Unity.XR.ARFoundation.InternalUtils.dll (+pdb)
Processing assembly Library/Bee/artifacts/1900b0aE.dag/Unity.XR.ARFoundation.InternalUtils.dll, with 145 defines and 289 references

processors: Unity.Jobs.CodeGen.JobsILPostProcessor, zzzUnity.Burst.CodeGen.BurstILPostProcessor

running Unity.Jobs.CodeGen.JobsILPostProcessor

running zzzUnity.Burst.CodeGen.BurstILPostProcessor
[1120/1415  0s] ILPostProcess Library/Bee/artifacts/1900b0aE.dag/post-processed/Unity.XR.OpenXR.Features.ConformanceAutomation.dll (+pdb)
Processing assembly Library/Bee/artifacts/1900b0aE.dag/Unity.XR.OpenXR.Features.ConformanceAutomation.dll, with 145 defines and 287 references

processors: Unity.Jobs.CodeGen.JobsILPostProcessor, zzzUnity.Burst.CodeGen.BurstILPostProcessor

running Unity.Jobs.CodeGen.JobsILPostProcessor

running zzzUnity.Burst.CodeGen.BurstILPostProcessor
[1121/1415  0s] ILPostProcess Library/Bee/artifacts/1900b0aE.dag/post-processed/Unity.RenderPipeline.Universal.ShaderLibrary.dll (+pdb)
Processing assembly Library/Bee/artifacts/1900b0aE.dag/Unity.RenderPipeline.Universal.ShaderLibrary.dll, with 145 defines and 287 references

processors: Unity.Jobs.CodeGen.JobsILPostProcessor, zzzUnity.Burst.CodeGen.BurstILPostProcessor

running Unity.Jobs.CodeGen.JobsILPostProcessor

running zzzUnity.Burst.CodeGen.BurstILPostProcessor
[1122/1415  0s] ILPostProcess Library/Bee/artifacts/1900b0aE.dag/post-processed/UnityEngine.XR.LegacyInputHelpers.dll (+pdb)
Processing assembly Library/Bee/artifacts/1900b0aE.dag/UnityEngine.XR.LegacyInputHelpers.dll, with 145 defines and 287 references

processors: Unity.Jobs.CodeGen.JobsILPostProcessor, zzzUnity.Burst.CodeGen.BurstILPostProcessor

running Unity.Jobs.CodeGen.JobsILPostProcessor

running zzzUnity.Burst.CodeGen.BurstILPostProcessor
[1123/1415  0s] ILPostProcess Library/Bee/artifacts/1900b0aE.dag/post-processed/Unity.XR.ARFoundation.dll (+pdb)
Processing assembly Library/Bee/artifacts/1900b0aE.dag/Unity.XR.ARFoundation.dll, with 150 defines and 294 references

processors: Unity.Jobs.CodeGen.JobsILPostProcessor, zzzUnity.Burst.CodeGen.BurstILPostProcessor

running Unity.Jobs.CodeGen.JobsILPostProcessor

running zzzUnity.Burst.CodeGen.BurstILPostProcessor
[1124/1415  0s] ILPostProcess Library/Bee/artifacts/1900b0aE.dag/post-processed/Assembly-CSharp.dll (+pdb)
Processing assembly Library/Bee/artifacts/1900b0aE.dag/Assembly-CSharp.dll, with 145 defines and 381 references

processors: Unity.Jobs.CodeGen.JobsILPostProcessor, zzzUnity.Burst.CodeGen.BurstILPostProcessor

running Unity.Jobs.CodeGen.JobsILPostProcessor

running zzzUnity.Burst.CodeGen.BurstILPostProcessor
[1125/1415  0s] ILPostProcess Library/Bee/artifacts/1900b0aE.dag/post-processed/UnityEngine.UI.dll (+pdb)
Processing assembly Library/Bee/artifacts/1900b0aE.dag/UnityEngine.UI.dll, with 151 defines and 284 references

processors: Unity.Jobs.CodeGen.JobsILPostProcessor, zzzUnity.Burst.CodeGen.BurstILPostProcessor

running Unity.Jobs.CodeGen.JobsILPostProcessor

running zzzUnity.Burst.CodeGen.BurstILPostProcessor
[1126/1415  0s] ILPostProcess Library/Bee/artifacts/1900b0aE.dag/post-processed/Unity.XR.Hands.Samples.VisualizerSample.dll (+pdb)
Processing assembly Library/Bee/artifacts/1900b0aE.dag/Unity.XR.Hands.Samples.VisualizerSample.dll, with 145 defines and 289 references

processors: Unity.Jobs.CodeGen.JobsILPostProcessor, zzzUnity.Burst.CodeGen.BurstILPostProcessor

running Unity.Jobs.CodeGen.JobsILPostProcessor

running zzzUnity.Burst.CodeGen.BurstILPostProcessor
[1127/1415  0s] ILPostProcess Library/Bee/artifacts/1900b0aE.dag/post-processed/Unity.InputSystem.ForUI.dll (+pdb)
Processing assembly Library/Bee/artifacts/1900b0aE.dag/Unity.InputSystem.ForUI.dll, with 145 defines and 287 references

processors: Unity.Jobs.CodeGen.JobsILPostProcessor, zzzUnity.Burst.CodeGen.BurstILPostProcessor

running Unity.Jobs.CodeGen.JobsILPostProcessor

running zzzUnity.Burst.CodeGen.BurstILPostProcessor
[1128/1415  0s] ILPostProcess Library/Bee/artifacts/1900b0aE.dag/post-processed/Unity.XR.ARFoundation.VisualScripting.dll (+pdb)
Processing assembly Library/Bee/artifacts/1900b0aE.dag/Unity.XR.ARFoundation.VisualScripting.dll, with 145 defines and 289 references

processors: Unity.Jobs.CodeGen.JobsILPostProcessor, zzzUnity.Burst.CodeGen.BurstILPostProcessor

running Unity.Jobs.CodeGen.JobsILPostProcessor

running zzzUnity.Burst.CodeGen.BurstILPostProcessor
[1129/1415  0s] ILPostProcess Library/Bee/artifacts/1900b0aE.dag/post-processed/Unity.Performance.Profile-Analyzer.Editor.dll (+pdb)
Processing assembly Library/Bee/artifacts/1900b0aE.dag/Unity.Performance.Profile-Analyzer.Editor.dll, with 143 defines and 295 references

processors: Unity.Jobs.CodeGen.JobsILPostProcessor, zzzUnity.Burst.CodeGen.BurstILPostProcessor

running Unity.Jobs.CodeGen.JobsILPostProcessor

running zzzUnity.Burst.CodeGen.BurstILPostProcessor
[1130/1415  0s] ILPostProcess Library/Bee/artifacts/1900b0aE.dag/post-processed/Unity.InputSystem.ForUI.Editor.dll (+pdb)
Processing assembly Library/Bee/artifacts/1900b0aE.dag/Unity.InputSystem.ForUI.Editor.dll, with 143 defines and 297 references

processors: Unity.Jobs.CodeGen.JobsILPostProcessor, zzzUnity.Burst.CodeGen.BurstILPostProcessor

running Unity.Jobs.CodeGen.JobsILPostProcessor

running zzzUnity.Burst.CodeGen.BurstILPostProcessor
[1131/1415  0s] ILPostProcess Library/Bee/artifacts/1900b0aE.dag/post-processed/Unity.XR.OpenXR.Features.OculusQuestSupport.Editor.dll (+pdb)
Processing assembly Library/Bee/artifacts/1900b0aE.dag/Unity.XR.OpenXR.Features.OculusQuestSupport.Editor.dll, with 143 defines and 298 references

processors: Unity.Jobs.CodeGen.JobsILPostProcessor, zzzUnity.Burst.CodeGen.BurstILPostProcessor

running Unity.Jobs.CodeGen.JobsILPostProcessor

running zzzUnity.Burst.CodeGen.BurstILPostProcessor
[1132/1415  0s] ILPostProcess Library/Bee/artifacts/1900b0aE.dag/post-processed/Unity.InputSystem.DocCodeSamples.dll (+pdb)
Processing assembly Library/Bee/artifacts/1900b0aE.dag/Unity.InputSystem.DocCodeSamples.dll, with 143 defines and 292 references

processors: Unity.Jobs.CodeGen.JobsILPostProcessor, zzzUnity.Burst.CodeGen.BurstILPostProcessor

running Unity.Jobs.CodeGen.JobsILPostProcessor

running zzzUnity.Burst.CodeGen.BurstILPostProcessor
[1133/1415  0s] ILPostProcess Library/Bee/artifacts/1900b0aE.dag/post-processed/UnityEditor.UI.Analytics.dll (+pdb)
Processing assembly Library/Bee/artifacts/1900b0aE.dag/UnityEditor.UI.Analytics.dll, with 143 defines and 296 references

processors: Unity.Jobs.CodeGen.JobsILPostProcessor, zzzUnity.Burst.CodeGen.BurstILPostProcessor

running Unity.Jobs.CodeGen.JobsILPostProcessor

running zzzUnity.Burst.CodeGen.BurstILPostProcessor
[1134/1415  0s] ILPostProcess Library/Bee/artifacts/1900b0aE.dag/post-processed/Unity.EditorCoroutines.Editor.dll (+pdb)
Processing assembly Library/Bee/artifacts/1900b0aE.dag/Unity.EditorCoroutines.Editor.dll, with 143 defines and 295 references

processors: Unity.Jobs.CodeGen.JobsILPostProcessor, zzzUnity.Burst.CodeGen.BurstILPostProcessor

running Unity.Jobs.CodeGen.JobsILPostProcessor

running zzzUnity.Burst.CodeGen.BurstILPostProcessor
[1135/1415  0s] ILPostProcess Library/Bee/artifacts/1900b0aE.dag/post-processed/Unity.XR.Interaction.Toolkit.CodeSamples.Tests.dll (+pdb)
Processing assembly Library/Bee/artifacts/1900b0aE.dag/Unity.XR.Interaction.Toolkit.CodeSamples.Tests.dll, with 143 defines and 292 references

processors: Unity.Jobs.CodeGen.JobsILPostProcessor, zzzUnity.Burst.CodeGen.BurstILPostProcessor

running Unity.Jobs.CodeGen.JobsILPostProcessor

running zzzUnity.Burst.CodeGen.BurstILPostProcessor
[1136/1415  0s] ILPostProcess Library/Bee/artifacts/1900b0aE.dag/post-processed/Unity.XR.ARSubsystems.Editor.dll (+pdb)
Processing assembly Library/Bee/artifacts/1900b0aE.dag/Unity.XR.ARSubsystems.Editor.dll, with 143 defines and 298 references

processors: Unity.Jobs.CodeGen.JobsILPostProcessor, zzzUnity.Burst.CodeGen.BurstILPostProcessor

running Unity.Jobs.CodeGen.JobsILPostProcessor

running zzzUnity.Burst.CodeGen.BurstILPostProcessor
[1137/1415  0s] ILPostProcess Library/Bee/artifacts/1900b0aE.dag/post-processed/Unity.XR.Interaction.Toolkit.Editor.dll (+pdb)
Processing assembly Library/Bee/artifacts/1900b0aE.dag/Unity.XR.Interaction.Toolkit.Editor.dll, with 150 defines and 302 references

processors: Unity.Jobs.CodeGen.JobsILPostProcessor, zzzUnity.Burst.CodeGen.BurstILPostProcessor

running Unity.Jobs.CodeGen.JobsILPostProcessor

running zzzUnity.Burst.CodeGen.BurstILPostProcessor
[1138/1415  0s] ILPostProcess Library/Bee/artifacts/1900b0aE.dag/post-processed/Unity.XR.OpenXR.Features.RuntimeDebugger.Editor.dll (+pdb)
Processing assembly Library/Bee/artifacts/1900b0aE.dag/Unity.XR.OpenXR.Features.RuntimeDebugger.Editor.dll, with 143 defines and 298 references

processors: Unity.Jobs.CodeGen.JobsILPostProcessor, zzzUnity.Burst.CodeGen.BurstILPostProcessor

running Unity.Jobs.CodeGen.JobsILPostProcessor

running zzzUnity.Burst.CodeGen.BurstILPostProcessor
[1139/1415  0s] ILPostProcess Library/Bee/artifacts/1900b0aE.dag/post-processed/Unity.XR.ARFoundation.VisualScripting.Editor.dll (+pdb)
Processing assembly Library/Bee/artifacts/1900b0aE.dag/Unity.XR.ARFoundation.VisualScripting.Editor.dll, with 143 defines and 298 references

processors: Unity.Jobs.CodeGen.JobsILPostProcessor, zzzUnity.Burst.CodeGen.BurstILPostProcessor

running Unity.Jobs.CodeGen.JobsILPostProcessor

running zzzUnity.Burst.CodeGen.BurstILPostProcessor
[1140/1415  0s] ILPostProcess Library/Bee/artifacts/1900b0aE.dag/post-processed/UnityEditor.UI.dll (+pdb)
Processing assembly Library/Bee/artifacts/1900b0aE.dag/UnityEditor.UI.dll, with 146 defines and 294 references

processors: Unity.Jobs.CodeGen.JobsILPostProcessor, zzzUnity.Burst.CodeGen.BurstILPostProcessor

running Unity.Jobs.CodeGen.JobsILPostProcessor

running zzzUnity.Burst.CodeGen.BurstILPostProcessor
[1141/1415  0s] ILPostProcess Library/Bee/artifacts/1900b0aE.dag/post-processed/Unity.RenderPipelines.Core.Editor.dll (+pdb)
Processing assembly Library/Bee/artifacts/1900b0aE.dag/Unity.RenderPipelines.Core.Editor.dll, with 146 defines and 304 references

processors: Unity.Jobs.CodeGen.JobsILPostProcessor, zzzUnity.Burst.CodeGen.BurstILPostProcessor

running Unity.Jobs.CodeGen.JobsILPostProcessor

running zzzUnity.Burst.CodeGen.BurstILPostProcessor
[1142/1415  0s] ILPostProcess Library/Bee/artifacts/1900b0aE.dag/post-processed/Assembly-CSharp-Editor.dll (+pdb)
Processing assembly Library/Bee/artifacts/1900b0aE.dag/Assembly-CSharp-Editor.dll, with 143 defines and 394 references

processors: Unity.Jobs.CodeGen.JobsILPostProcessor, zzzUnity.Burst.CodeGen.BurstILPostProcessor

running Unity.Jobs.CodeGen.JobsILPostProcessor

running zzzUnity.Burst.CodeGen.BurstILPostProcessor
[1143/1415  0s] ILPostProcess Library/Bee/artifacts/1900b0aE.dag/post-processed/Unity.XR.Simulation.Editor.dll (+pdb)
Processing assembly Library/Bee/artifacts/1900b0aE.dag/Unity.XR.Simulation.Editor.dll, with 144 defines and 304 references

processors: Unity.Jobs.CodeGen.JobsILPostProcessor, zzzUnity.Burst.CodeGen.BurstILPostProcessor

running Unity.Jobs.CodeGen.JobsILPostProcessor

running zzzUnity.Burst.CodeGen.BurstILPostProcessor
[1144/1415  0s] ILPostProcess Library/Bee/artifacts/1900b0aE.dag/post-processed/Unity.RenderPipelines.Core.Editor.Shared.dll (+pdb)
Processing assembly Library/Bee/artifacts/1900b0aE.dag/Unity.RenderPipelines.Core.Editor.Shared.dll, with 143 defines and 302 references

processors: Unity.Jobs.CodeGen.JobsILPostProcessor, zzzUnity.Burst.CodeGen.BurstILPostProcessor

running Unity.Jobs.CodeGen.JobsILPostProcessor

running zzzUnity.Burst.CodeGen.BurstILPostProcessor
[1145/1415  0s] ILPostProcess Library/Bee/artifacts/1900b0aE.dag/post-processed/Unity.XR.ARFoundation.InternalUtils.Editor.dll (+pdb)
Processing assembly Library/Bee/artifacts/1900b0aE.dag/Unity.XR.ARFoundation.InternalUtils.Editor.dll, with 143 defines and 296 references

processors: Unity.Jobs.CodeGen.JobsILPostProcessor, zzzUnity.Burst.CodeGen.BurstILPostProcessor

running Unity.Jobs.CodeGen.JobsILPostProcessor

running zzzUnity.Burst.CodeGen.BurstILPostProcessor
[1146/1415  0s] ILPostProcess Library/Bee/artifacts/1900b0aE.dag/post-processed/Unity.XR.ARFoundation.Editor.dll (+pdb)
Processing assembly Library/Bee/artifacts/1900b0aE.dag/Unity.XR.ARFoundation.Editor.dll, with 144 defines and 305 references

processors: Unity.Jobs.CodeGen.JobsILPostProcessor, zzzUnity.Burst.CodeGen.BurstILPostProcessor

running Unity.Jobs.CodeGen.JobsILPostProcessor

running zzzUnity.Burst.CodeGen.BurstILPostProcessor
[1147/1415  0s] ILPostProcess Library/Bee/artifacts/1900b0aE.dag/post-processed/Unity.XR.Hands.Analytics.Hooks.Editor.dll (+pdb)
Processing assembly Library/Bee/artifacts/1900b0aE.dag/Unity.XR.Hands.Analytics.Hooks.Editor.dll, with 143 defines and 298 references

processors: Unity.Jobs.CodeGen.JobsILPostProcessor, zzzUnity.Burst.CodeGen.BurstILPostProcessor

running Unity.Jobs.CodeGen.JobsILPostProcessor

running zzzUnity.Burst.CodeGen.BurstILPostProcessor
[1148/1415  0s] ILPostProcess Library/Bee/artifacts/1900b0aE.dag/post-processed/Unity.ShaderGraph.Utilities.dll (+pdb)
Processing assembly Library/Bee/artifacts/1900b0aE.dag/Unity.ShaderGraph.Utilities.dll, with 143 defines and 295 references

processors: Unity.Jobs.CodeGen.JobsILPostProcessor, zzzUnity.Burst.CodeGen.BurstILPostProcessor

running Unity.Jobs.CodeGen.JobsILPostProcessor

running zzzUnity.Burst.CodeGen.BurstILPostProcessor
[1149/1415  0s] ILPostProcess Library/Bee/artifacts/1900b0aE.dag/post-processed/Unity.InternalAPIEngineBridge.RenderPipelines.Core.Editor.dll (+pdb)
Processing assembly Library/Bee/artifacts/1900b0aE.dag/Unity.InternalAPIEngineBridge.RenderPipelines.Core.Editor.dll, with 143 defines and 295 references

processors: Unity.Jobs.CodeGen.JobsILPostProcessor, zzzUnity.Burst.CodeGen.BurstILPostProcessor

running Unity.Jobs.CodeGen.JobsILPostProcessor

running zzzUnity.Burst.CodeGen.BurstILPostProcessor
[1150/1415  0s] ILPostProcess Library/Bee/artifacts/1900b0aE.dag/post-processed/Unity.PathTracing.Editor.dll (+pdb)
Processing assembly Library/Bee/artifacts/1900b0aE.dag/Unity.PathTracing.Editor.dll, with 144 defines and 299 references

processors: Unity.Jobs.CodeGen.JobsILPostProcessor, zzzUnity.Burst.CodeGen.BurstILPostProcessor

running Unity.Jobs.CodeGen.JobsILPostProcessor

running zzzUnity.Burst.CodeGen.BurstILPostProcessor
[1151/1415  0s] ILPostProcess Library/Bee/artifacts/1900b0aE.dag/post-processed/Unity.TestTools.CodeCoverage.Editor.OpenCover.Model.dll (+pdb)
Processing assembly Library/Bee/artifacts/1900b0aE.dag/Unity.TestTools.CodeCoverage.Editor.OpenCover.Model.dll, with 143 defines and 295 references

processors: Unity.Jobs.CodeGen.JobsILPostProcessor, zzzUnity.Burst.CodeGen.BurstILPostProcessor

running Unity.Jobs.CodeGen.JobsILPostProcessor

running zzzUnity.Burst.CodeGen.BurstILPostProcessor
[1152/1415  0s] ILPostProcess Library/Bee/artifacts/1900b0aE.dag/post-processed/Unity.XR.Hands.Editor.dll (+pdb)
Processing assembly Library/Bee/artifacts/1900b0aE.dag/Unity.XR.Hands.Editor.dll, with 144 defines and 302 references

processors: Unity.Jobs.CodeGen.JobsILPostProcessor, zzzUnity.Burst.CodeGen.BurstILPostProcessor

running Unity.Jobs.CodeGen.JobsILPostProcessor

running zzzUnity.Burst.CodeGen.BurstILPostProcessor
[1153/1415  0s] ILPostProcess Library/Bee/artifacts/1900b0aE.dag/post-processed/Unity.RenderPipelines.Universal.Editor.dll (+pdb)
Processing assembly Library/Bee/artifacts/1900b0aE.dag/Unity.RenderPipelines.Universal.Editor.dll, with 146 defines and 310 references

processors: Unity.Jobs.CodeGen.JobsILPostProcessor, zzzUnity.Burst.CodeGen.BurstILPostProcessor

running Unity.Jobs.CodeGen.JobsILPostProcessor

running zzzUnity.Burst.CodeGen.BurstILPostProcessor
[1154/1415  0s] ILPostProcess Library/Bee/artifacts/1900b0aE.dag/post-processed/Unity.RenderPipelines.Universal.2D.Editor.Overrides.dll (+pdb)
Processing assembly Library/Bee/artifacts/1900b0aE.dag/Unity.RenderPipelines.Universal.2D.Editor.Overrides.dll, with 145 defines and 306 references

processors: Unity.Jobs.CodeGen.JobsILPostProcessor, zzzUnity.Burst.CodeGen.BurstILPostProcessor

running Unity.Jobs.CodeGen.JobsILPostProcessor

running zzzUnity.Burst.CodeGen.BurstILPostProcessor
[1155/1415  0s] ILPostProcess Library/Bee/artifacts/1900b0aE.dag/post-processed/UnityEditor.SpatialTracking.dll (+pdb)
Processing assembly Library/Bee/artifacts/1900b0aE.dag/UnityEditor.SpatialTracking.dll, with 144 defines and 296 references

processors: Unity.Jobs.CodeGen.JobsILPostProcessor, zzzUnity.Burst.CodeGen.BurstILPostProcessor

running Unity.Jobs.CodeGen.JobsILPostProcessor

running zzzUnity.Burst.CodeGen.BurstILPostProcessor
[1156/1415  0s] ILPostProcess Library/Bee/artifacts/1900b0aE.dag/post-processed/Unity.XR.Hands.CodeSamples.Editor.Tests.dll (+pdb)
Processing assembly Library/Bee/artifacts/1900b0aE.dag/Unity.XR.Hands.CodeSamples.Editor.Tests.dll, with 143 defines and 292 references

processors: Unity.Jobs.CodeGen.JobsILPostProcessor, zzzUnity.Burst.CodeGen.BurstILPostProcessor

running Unity.Jobs.CodeGen.JobsILPostProcessor

running zzzUnity.Burst.CodeGen.BurstILPostProcessor
[1157/1415  0s] ILPostProcess Library/Bee/artifacts/1900b0aE.dag/post-processed/Unity.Settings.Editor.dll (+pdb)
Processing assembly Library/Bee/artifacts/1900b0aE.dag/Unity.Settings.Editor.dll, with 143 defines and 295 references

processors: Unity.Jobs.CodeGen.JobsILPostProcessor, zzzUnity.Burst.CodeGen.BurstILPostProcessor

running Unity.Jobs.CodeGen.JobsILPostProcessor

running zzzUnity.Burst.CodeGen.BurstILPostProcessor
[1158/1415  0s] ILPostProcess Library/Bee/artifacts/1900b0aE.dag/post-processed/Unity.Multiplayer.Center.Editor.dll (+pdb)
Processing assembly Library/Bee/artifacts/1900b0aE.dag/Unity.Multiplayer.Center.Editor.dll, with 143 defines and 296 references

processors: Unity.Jobs.CodeGen.JobsILPostProcessor, zzzUnity.Burst.CodeGen.BurstILPostProcessor

running Unity.Jobs.CodeGen.JobsILPostProcessor

running zzzUnity.Burst.CodeGen.BurstILPostProcessor
[1159/1415  0s] ILPostProcess Library/Bee/artifacts/1900b0aE.dag/post-processed/Unity.InternalAPIEditorBridge.ShaderGraph.Editor.dll (+pdb)
Processing assembly Library/Bee/artifacts/1900b0aE.dag/Unity.InternalAPIEditorBridge.ShaderGraph.Editor.dll, with 143 defines and 295 references

processors: Unity.Jobs.CodeGen.JobsILPostProcessor, zzzUnity.Burst.CodeGen.BurstILPostProcessor

running Unity.Jobs.CodeGen.JobsILPostProcessor

running zzzUnity.Burst.CodeGen.BurstILPostProcessor
[1160/1415  0s] ILPostProcess Library/Bee/artifacts/1900b0aE.dag/post-processed/Unity.XR.CompositionLayers.Editor.dll (+pdb)
Processing assembly Library/Bee/artifacts/1900b0aE.dag/Unity.XR.CompositionLayers.Editor.dll, with 146 defines and 303 references

processors: Unity.Jobs.CodeGen.JobsILPostProcessor, zzzUnity.Burst.CodeGen.BurstILPostProcessor

running Unity.Jobs.CodeGen.JobsILPostProcessor

running zzzUnity.Burst.CodeGen.BurstILPostProcessor
[1161/1415  0s] ILPostProcess Library/Bee/artifacts/1900b0aE.dag/post-processed/Unity.XR.CoreUtils.Editor.dll (+pdb)
Processing assembly Library/Bee/artifacts/1900b0aE.dag/Unity.XR.CoreUtils.Editor.dll, with 145 defines and 297 references

processors: Unity.Jobs.CodeGen.JobsILPostProcessor, zzzUnity.Burst.CodeGen.BurstILPostProcessor

running Unity.Jobs.CodeGen.JobsILPostProcessor

running zzzUnity.Burst.CodeGen.BurstILPostProcessor
[1162/1415  0s] ILPostProcess Library/Bee/artifacts/1900b0aE.dag/post-processed/Unity.TestTools.CodeCoverage.Editor.dll (+pdb)
Processing assembly Library/Bee/artifacts/1900b0aE.dag/Unity.TestTools.CodeCoverage.Editor.dll, with 144 defines and 295 references

processors: Unity.Jobs.CodeGen.JobsILPostProcessor, zzzUnity.Burst.CodeGen.BurstILPostProcessor

running Unity.Jobs.CodeGen.JobsILPostProcessor

running zzzUnity.Burst.CodeGen.BurstILPostProcessor
[1163/1415  0s] ILPostProcess Library/Bee/artifacts/1900b0aE.dag/post-processed/Unity.XR.Hands.Analytics.Editor.dll (+pdb)
Processing assembly Library/Bee/artifacts/1900b0aE.dag/Unity.XR.Hands.Analytics.Editor.dll, with 143 defines and 297 references

processors: Unity.Jobs.CodeGen.JobsILPostProcessor, zzzUnity.Burst.CodeGen.BurstILPostProcessor

running Unity.Jobs.CodeGen.JobsILPostProcessor

running zzzUnity.Burst.CodeGen.BurstILPostProcessor
[1164/1415  0s] ILPostProcess Library/Bee/artifacts/1900b0aE.dag/post-processed/Unity.XR.CompositionLayers.UIInteraction.Editor.dll (+pdb)
Processing assembly Library/Bee/artifacts/1900b0aE.dag/Unity.XR.CompositionLayers.UIInteraction.Editor.dll, with 144 defines and 296 references

processors: Unity.Jobs.CodeGen.JobsILPostProcessor, zzzUnity.Burst.CodeGen.BurstILPostProcessor

running Unity.Jobs.CodeGen.JobsILPostProcessor

running zzzUnity.Burst.CodeGen.BurstILPostProcessor
[1165/1415  0s] ILPostProcess Library/Bee/artifacts/1900b0aE.dag/post-processed/Unity.InternalAPIEditorBridge.007.dll (+pdb)
Processing assembly Library/Bee/artifacts/1900b0aE.dag/Unity.InternalAPIEditorBridge.007.dll, with 143 defines and 295 references

processors: Unity.Jobs.CodeGen.JobsILPostProcessor, zzzUnity.Burst.CodeGen.BurstILPostProcessor

running Unity.Jobs.CodeGen.JobsILPostProcessor

running zzzUnity.Burst.CodeGen.BurstILPostProcessor
[1166/1415  0s] ILPostProcess Library/Bee/artifacts/1900b0aE.dag/post-processed/Unity.XR.ARAnalytics.Editor.dll (+pdb)
Processing assembly Library/Bee/artifacts/1900b0aE.dag/Unity.XR.ARAnalytics.Editor.dll, with 143 defines and 296 references

processors: Unity.Jobs.CodeGen.JobsILPostProcessor, zzzUnity.Burst.CodeGen.BurstILPostProcessor

running Unity.Jobs.CodeGen.JobsILPostProcessor

running zzzUnity.Burst.CodeGen.BurstILPostProcessor
[1167/1415  0s] ILPostProcess Library/Bee/artifacts/1900b0aE.dag/post-processed/Unity.XR.OpenXR.Features.MetaQuestSupport.Editor.dll (+pdb)
Processing assembly Library/Bee/artifacts/1900b0aE.dag/Unity.XR.OpenXR.Features.MetaQuestSupport.Editor.dll, with 144 defines and 299 references

processors: Unity.Jobs.CodeGen.JobsILPostProcessor, zzzUnity.Burst.CodeGen.BurstILPostProcessor

running Unity.Jobs.CodeGen.JobsILPostProcessor

running zzzUnity.Burst.CodeGen.BurstILPostProcessor
[1168/1415  0s] ILPostProcess Library/Bee/artifacts/1900b0aE.dag/post-processed/Unity.XR.OpenXR.Editor.dll (+pdb)
Processing assembly Library/Bee/artifacts/1900b0aE.dag/Unity.XR.OpenXR.Editor.dll, with 146 defines and 296 references

processors: Unity.Jobs.CodeGen.JobsILPostProcessor, zzzUnity.Burst.CodeGen.BurstILPostProcessor

running Unity.Jobs.CodeGen.JobsILPostProcessor

running zzzUnity.Burst.CodeGen.BurstILPostProcessor
[1169/1415  0s] ILPostProcess Library/Bee/artifacts/1900b0aE.dag/post-processed/Unity.XR.Interaction.Toolkit.Analytics.Hooks.Editor.dll (+pdb)
Processing assembly Library/Bee/artifacts/1900b0aE.dag/Unity.XR.Interaction.Toolkit.Analytics.Hooks.Editor.dll, with 146 defines and 303 references

processors: Unity.Jobs.CodeGen.JobsILPostProcessor, zzzUnity.Burst.CodeGen.BurstILPostProcessor

running Unity.Jobs.CodeGen.JobsILPostProcessor

running zzzUnity.Burst.CodeGen.BurstILPostProcessor
[1170/1415  0s] ILPostProcess Library/Bee/artifacts/1900b0aE.dag/post-processed/Unity.XR.Interaction.Toolkit.Samples.StarterAssets.Editor.dll (+pdb)
Processing assembly Library/Bee/artifacts/1900b0aE.dag/Unity.XR.Interaction.Toolkit.Samples.StarterAssets.Editor.dll, with 143 defines and 301 references

processors: Unity.Jobs.CodeGen.JobsILPostProcessor, zzzUnity.Burst.CodeGen.BurstILPostProcessor

running Unity.Jobs.CodeGen.JobsILPostProcessor

running zzzUnity.Burst.CodeGen.BurstILPostProcessor
[1171/1415  0s] ILPostProcess Library/Bee/artifacts/1900b0aE.dag/post-processed/Unity.XR.Management.Editor.dll (+pdb)
Processing assembly Library/Bee/artifacts/1900b0aE.dag/Unity.XR.Management.Editor.dll, with 145 defines and 298 references

processors: Unity.Jobs.CodeGen.JobsILPostProcessor, zzzUnity.Burst.CodeGen.BurstILPostProcessor

running Unity.Jobs.CodeGen.JobsILPostProcessor

running zzzUnity.Burst.CodeGen.BurstILPostProcessor
[1172/1415  0s] ILPostProcess Library/Bee/artifacts/1900b0aE.dag/post-processed/Unity.Collections.Editor.dll (+pdb)
Processing assembly Library/Bee/artifacts/1900b0aE.dag/Unity.Collections.Editor.dll, with 144 defines and 296 references

processors: Unity.Jobs.CodeGen.JobsILPostProcessor, zzzUnity.Burst.CodeGen.BurstILPostProcessor

running Unity.Jobs.CodeGen.JobsILPostProcessor

running zzzUnity.Burst.CodeGen.BurstILPostProcessor
[1173/1415  0s] ILPostProcess Library/Bee/artifacts/1900b0aE.dag/post-processed/Unity.Rendering.LightTransport.Editor.dll (+pdb)
Processing assembly Library/Bee/artifacts/1900b0aE.dag/Unity.Rendering.LightTransport.Editor.dll, with 143 defines and 295 references

processors: Unity.Jobs.CodeGen.JobsILPostProcessor, zzzUnity.Burst.CodeGen.BurstILPostProcessor

running Unity.Jobs.CodeGen.JobsILPostProcessor

running zzzUnity.Burst.CodeGen.BurstILPostProcessor
[1174/1415  0s] ILPostProcess Library/Bee/artifacts/1900b0aE.dag/post-processed/Unity.XR.AndroidOpenXR.Editor.dll (+pdb)
Processing assembly Library/Bee/artifacts/1900b0aE.dag/Unity.XR.AndroidOpenXR.Editor.dll, with 146 defines and 303 references

processors: Unity.Jobs.CodeGen.JobsILPostProcessor, zzzUnity.Burst.CodeGen.BurstILPostProcessor

running Unity.Jobs.CodeGen.JobsILPostProcessor

running zzzUnity.Burst.CodeGen.BurstILPostProcessor
[1175/1415  0s] ILPostProcess Library/Bee/artifacts/1900b0aE.dag/post-processed/Unity.ShaderGraph.Editor.dll (+pdb)
Processing assembly Library/Bee/artifacts/1900b0aE.dag/Unity.ShaderGraph.Editor.dll, with 143 defines and 300 references

processors: Unity.Jobs.CodeGen.JobsILPostProcessor, zzzUnity.Burst.CodeGen.BurstILPostProcessor

running Unity.Jobs.CodeGen.JobsILPostProcessor

running zzzUnity.Burst.CodeGen.BurstILPostProcessor
[1176/1415  0s] ILPostProcess Library/Bee/artifacts/1900b0aE.dag/post-processed/Unity.Tutorials.Editor.dll (+pdb)
Processing assembly Library/Bee/artifacts/1900b0aE.dag/Unity.Tutorials.Editor.dll, with 143 defines and 300 references

processors: Unity.Jobs.CodeGen.JobsILPostProcessor, zzzUnity.Burst.CodeGen.BurstILPostProcessor

running Unity.Jobs.CodeGen.JobsILPostProcessor

running zzzUnity.Burst.CodeGen.BurstILPostProcessor
[1177/1415  0s] ILPostProcess Library/Bee/artifacts/1900b0aE.dag/post-processed/Unity.TextMeshPro.Editor.dll (+pdb)
Processing assembly Library/Bee/artifacts/1900b0aE.dag/Unity.TextMeshPro.Editor.dll, with 143 defines and 297 references

processors: Unity.Jobs.CodeGen.JobsILPostProcessor, zzzUnity.Burst.CodeGen.BurstILPostProcessor

running Unity.Jobs.CodeGen.JobsILPostProcessor

running zzzUnity.Burst.CodeGen.BurstILPostProcessor
[1178/1415  0s] ILPostProcess Library/Bee/artifacts/1900b0aE.dag/post-processed/Unity.XR.Interaction.Toolkit.Samples.Hands.Editor.dll (+pdb)
Processing assembly Library/Bee/artifacts/1900b0aE.dag/Unity.XR.Interaction.Toolkit.Samples.Hands.Editor.dll, with 143 defines and 300 references

processors: Unity.Jobs.CodeGen.JobsILPostProcessor, zzzUnity.Burst.CodeGen.BurstILPostProcessor

running Unity.Jobs.CodeGen.JobsILPostProcessor

running zzzUnity.Burst.CodeGen.BurstILPostProcessor
[1179/1415  0s] ILPostProcess Library/Bee/artifacts/1900b0aE.dag/post-processed/UnityEditor.XR.LegacyInputHelpers.dll (+pdb)
Processing assembly Library/Bee/artifacts/1900b0aE.dag/UnityEditor.XR.LegacyInputHelpers.dll, with 147 defines and 299 references

processors: Unity.Jobs.CodeGen.JobsILPostProcessor, zzzUnity.Burst.CodeGen.BurstILPostProcessor

running Unity.Jobs.CodeGen.JobsILPostProcessor

running zzzUnity.Burst.CodeGen.BurstILPostProcessor
[1180/1415  0s] ILPostProcess Library/Bee/artifacts/1900b0aE.dag/post-processed/Unity.XR.Interaction.Toolkit.Analytics.Editor.dll (+pdb)
Processing assembly Library/Bee/artifacts/1900b0aE.dag/Unity.XR.Interaction.Toolkit.Analytics.Editor.dll, with 143 defines and 296 references

processors: Unity.Jobs.CodeGen.JobsILPostProcessor, zzzUnity.Burst.CodeGen.BurstILPostProcessor

running Unity.Jobs.CodeGen.JobsILPostProcessor

running zzzUnity.Burst.CodeGen.BurstILPostProcessor
[1181/1415  0s] ILPostProcess Library/Bee/artifacts/1900b0aE.dag/post-processed/Unity.Burst.Editor.dll (+pdb)
Processing assembly Library/Bee/artifacts/1900b0aE.dag/Unity.Burst.Editor.dll, with 143 defines and 296 references

processors: Unity.Jobs.CodeGen.JobsILPostProcessor, zzzUnity.Burst.CodeGen.BurstILPostProcessor

running Unity.Jobs.CodeGen.JobsILPostProcessor

running zzzUnity.Burst.CodeGen.BurstILPostProcessor
[1182/1415  0s] ILPostProcess Library/Bee/artifacts/1900b0aE.dag/post-processed/Unity.XR.MetaOpenXR.Editor.dll (+pdb)
Processing assembly Library/Bee/artifacts/1900b0aE.dag/Unity.XR.MetaOpenXR.Editor.dll, with 144 defines and 306 references

processors: Unity.Jobs.CodeGen.JobsILPostProcessor, zzzUnity.Burst.CodeGen.BurstILPostProcessor

running Unity.Jobs.CodeGen.JobsILPostProcessor

running zzzUnity.Burst.CodeGen.BurstILPostProcessor
[1183/1415  0s] ILPostProcess Library/Bee/artifacts/1900b0aE.dag/post-processed/Unity.Searcher.Editor.dll (+pdb)
Processing assembly Library/Bee/artifacts/1900b0aE.dag/Unity.Searcher.Editor.dll, with 143 defines and 295 references

processors: Unity.Jobs.CodeGen.JobsILPostProcessor, zzzUnity.Burst.CodeGen.BurstILPostProcessor

running Unity.Jobs.CodeGen.JobsILPostProcessor

running zzzUnity.Burst.CodeGen.BurstILPostProcessor
[1184/1415  0s] CopyFiles Library/ScriptAssemblies/Unity.InternalAPIEngineBridge.RenderPipelines.Core.Runtime.Shared.dll
[1185/1415  0s] CopyFiles Library/ScriptAssemblies/Unity.XR.MetaOpenXR.dll
[1186/1415  0s] CopyFiles Library/ScriptAssemblies/Unity.RenderPipeline.Universal.ShaderLibrary.dll
[1187/1415  0s] CopyFiles Library/ScriptAssemblies/Unity.UnifiedRayTracing.Runtime.dll
[1188/1415  0s] CopyFiles Library/ScriptAssemblies/Unity.Tutorials.dll
[1189/1415  0s] CopyFiles Library/ScriptAssemblies/UnityEngine.XR.LegacyInputHelpers.dll
[1190/1415  0s] CopyFiles Library/ScriptAssemblies/Unity.RenderPipelines.Universal.Runtime.dll
[1191/1415  0s] CopyFiles Library/ScriptAssemblies/Unity.XR.OpenXR.dll
[1192/1415  0s] CopyFiles Library/ScriptAssemblies/Unity.SurfaceCache.Runtime.dll
[1193/1415  0s] CopyFiles Library/ScriptAssemblies/Unity.XR.Interaction.Toolkit.Samples.StarterAssets.dll
[1194/1415  0s] CopyFiles Library/ScriptAssemblies/Unity.RenderPipelines.Core.Runtime.dll
[1195/1415  0s] CopyFiles Library/ScriptAssemblies/Unity.XR.CompositionLayers.UIInteraction.dll
[1196/1415  0s] CopyFiles Library/ScriptAssemblies/Unity.XR.ARSubsystems.dll
[1197/1415  0s] CopyFiles Library/ScriptAssemblies/Unity.RenderPipelines.Universal.Shaders.dll
[1198/1415  0s] CopyFiles Library/ScriptAssemblies/Unity.Burst.dll
[1199/1415  0s] CopyFiles Library/ScriptAssemblies/Unity.PathTracing.Runtime.dll
[1200/1415  0s] CopyFiles Library/ScriptAssemblies/Unity.XR.OpenXR.TestTooling.dll
[1201/1415  0s] CopyFiles Library/ScriptAssemblies/Unity.TextMeshPro.dll
[1202/1415  0s] CopyFiles Library/ScriptAssemblies/Unity.Collections.dll
[1203/1415  0s] CopyFiles Library/ScriptAssemblies/Unity.XR.CoreUtils.dll
[1204/1415  0s] CopyFiles Library/ScriptAssemblies/Unity.XR.CompositionLayers.dll
[1205/1415  0s] CopyFiles Library/ScriptAssemblies/Unity.RenderPipelines.Core.Runtime.Shared.dll
[1206/1415  0s] CopyFiles Library/ScriptAssemblies/Unity.RenderPipelines.Core.ShaderLibrary.dll
[1207/1415  0s] CopyFiles Library/ScriptAssemblies/Unity.XR.OpenXR.Features.MetaQuestSupport.dll
[1208/1415  0s] CopyFiles Library/ScriptAssemblies/Unity.XR.Interaction.Toolkit.Samples.Hands.dll
[1209/1415  0s] CopyFiles Library/ScriptAssemblies/UnityEngine.SpatialTracking.dll
[1210/1415  0s] CopyFiles Library/ScriptAssemblies/Unity.XR.Interaction.Toolkit.dll
[1211/1415  0s] CopyFiles Library/ScriptAssemblies/Unity.RenderPipelines.ShaderGraph.ShaderGraphLibrary.dll
[1212/1415  0s] CopyFiles Library/ScriptAssemblies/Unity.PerformanceTesting.dll
[1213/1415  0s] CopyFiles Library/ScriptAssemblies/Unity.XR.OpenXR.Features.MockRuntime.dll
[1214/1415  0s] CopyFiles Library/ScriptAssemblies/Unity.XR.OpenXR.Features.RuntimeDebugger.dll
[1215/1415  0s] CopyFiles Library/ScriptAssemblies/Unity.RenderPipelines.GPUDriven.Runtime.dll
[1216/1415  0s] CopyFiles Library/ScriptAssemblies/Unity.InputSystem.ForUI.dll
[1217/1415  0s] CopyFiles Library/ScriptAssemblies/Unity.XR.ARFoundation.InternalUtils.dll
[1218/1415  0s] CopyFiles Library/ScriptAssemblies/Unity.XR.Hands.dll
[1219/1415  0s] CopyFiles Library/ScriptAssemblies/Unity.RenderPipelines.Universal.2D.Runtime.dll
[1220/1415  0s] CopyFiles Library/ScriptAssemblies/Unity.XR.Hands.Samples.VisualizerSample.dll
[1221/1415  0s] CopyFiles Library/ScriptAssemblies/UnityEngine.UI.dll
[1222/1415  0s] CopyFiles Library/ScriptAssemblies/Unity.InternalAPIEngineBridge.004.dll
[1223/1415  0s] CopyFiles Library/ScriptAssemblies/Assembly-CSharp.dll
[1224/1415  0s] CopyFiles Library/ScriptAssemblies/Unity.RenderPipelines.Universal.Config.Runtime.dll
[1225/1415  0s] CopyFiles Library/ScriptAssemblies/Unity.XR.ARFoundation.dll
[1226/1415  0s] CopyFiles Library/ScriptAssemblies/Unity.Mathematics.dll
[1227/1415  0s] CopyFiles Library/ScriptAssemblies/Unity.XR.AndroidOpenXR.dll
[1228/1415  0s] CopyFiles Library/ScriptAssemblies/Unity.XR.ARFoundation.VisualScripting.dll
[1229/1415  0s] CopyFiles Library/ScriptAssemblies/Unity.XR.Simulation.dll
[1230/1415  0s] CopyFiles Library/ScriptAssemblies/Unity.Multiplayer.Center.Common.dll
[1231/1415  0s] CopyFiles Library/ScriptAssemblies/Unity.XR.OpenXR.Features.ConformanceAutomation.dll
[1232/1415  0s] CopyFiles Library/ScriptAssemblies/Unity.InputSystem.TestFramework.dll
[1233/1415  0s] CopyFiles Library/ScriptAssemblies/Unity.XR.OpenXR.Features.OculusQuestSupport.dll
[1234/1415  0s] CopyFiles Library/ScriptAssemblies/Unity.XR.Management.dll
[1235/1415  0s] CopyFiles Library/ScriptAssemblies/Unity.InputSystem.dll
[1236/1415  0s] CopyFiles Library/ScriptAssemblies/Unity.XR.MetaOpenXR.Editor.pdb
[1237/1415  0s] CopyFiles Library/ScriptAssemblies/Unity.XR.MetaOpenXR.Editor.dll
[1238/1415  0s] CopyFiles Library/ScriptAssemblies/Unity.Burst.Editor.pdb
[1239/1415  0s] CopyFiles Library/ScriptAssemblies/Unity.XR.Interaction.Toolkit.Analytics.Editor.dll
[1240/1415  0s] CopyFiles Library/ScriptAssemblies/Unity.XR.Interaction.Toolkit.Analytics.Editor.pdb
[1241/1415  0s] CopyFiles Library/ScriptAssemblies/UnityEditor.XR.LegacyInputHelpers.pdb
[1242/1415  0s] CopyFiles Library/ScriptAssemblies/UnityEditor.XR.LegacyInputHelpers.dll
[1243/1415  0s] CopyFiles Library/ScriptAssemblies/Unity.XR.Interaction.Toolkit.Samples.Hands.Editor.dll
[1244/1415  0s] CopyFiles Library/ScriptAssemblies/Unity.XR.Interaction.Toolkit.Samples.Hands.Editor.pdb
[1245/1415  0s] CopyFiles Library/ScriptAssemblies/Unity.TextMeshPro.Editor.pdb
[1246/1415  0s] CopyFiles Library/ScriptAssemblies/Unity.TextMeshPro.Editor.dll
[1247/1415  0s] CopyFiles Library/ScriptAssemblies/Unity.Tutorials.Editor.dll
[1248/1415  0s] CopyFiles Library/ScriptAssemblies/Unity.Tutorials.Editor.pdb
[1249/1415  0s] CopyFiles Library/ScriptAssemblies/Unity.ShaderGraph.Editor.dll
[1250/1415  0s] CopyFiles Library/ScriptAssemblies/Unity.ShaderGraph.Editor.pdb
[1251/1415  0s] CopyFiles Library/ScriptAssemblies/Unity.XR.AndroidOpenXR.Editor.dll
[1252/1415  0s] CopyFiles Library/ScriptAssemblies/Unity.XR.AndroidOpenXR.Editor.pdb
[1253/1415  0s] CopyFiles Library/ScriptAssemblies/Unity.Rendering.LightTransport.Editor.pdb
[1254/1415  0s] CopyFiles Library/ScriptAssemblies/Unity.Searcher.Editor.pdb
[1255/1415  0s] CopyFiles Library/ScriptAssemblies/Unity.Searcher.Editor.dll
[1256/1415  0s] CopyFiles Library/ScriptAssemblies/Unity.Rendering.LightTransport.Editor.dll
[1257/1415  0s] CopyFiles Library/ScriptAssemblies/Unity.Collections.Editor.dll
[1258/1415  0s] CopyFiles Library/ScriptAssemblies/Unity.XR.Management.Editor.dll
[1259/1415  0s] CopyFiles Library/ScriptAssemblies/Unity.XR.Management.Editor.pdb
[1260/1415  0s] CopyFiles Library/ScriptAssemblies/Unity.Collections.Editor.pdb
[1261/1415  0s] CopyFiles Library/ScriptAssemblies/Unity.XR.Interaction.Toolkit.Samples.StarterAssets.Editor.pdb
[1262/1415  0s] CopyFiles Library/ScriptAssemblies/Unity.XR.Interaction.Toolkit.Samples.StarterAssets.Editor.dll
[1263/1415  0s] CopyFiles Library/ScriptAssemblies/Unity.XR.Interaction.Toolkit.Analytics.Hooks.Editor.pdb
[1264/1415  0s] CopyFiles Library/ScriptAssemblies/Unity.XR.Interaction.Toolkit.Analytics.Hooks.Editor.dll
[1265/1415  0s] CopyFiles Library/ScriptAssemblies/Unity.XR.OpenXR.Editor.pdb
[1266/1415  0s] CopyFiles Library/ScriptAssemblies/Unity.XR.OpenXR.Features.MetaQuestSupport.Editor.pdb
[1267/1415  0s] CopyFiles Library/ScriptAssemblies/Unity.XR.OpenXR.Editor.dll
[1268/1415  0s] CopyFiles Library/ScriptAssemblies/Unity.XR.OpenXR.Features.MetaQuestSupport.Editor.dll
[1269/1415  0s] CopyFiles Library/ScriptAssemblies/Unity.XR.ARAnalytics.Editor.pdb
[1270/1415  0s] CopyFiles Library/ScriptAssemblies/Unity.XR.ARAnalytics.Editor.dll
[1271/1415  0s] CopyFiles Library/ScriptAssemblies/Unity.InternalAPIEditorBridge.007.pdb
[1272/1415  0s] CopyFiles Library/ScriptAssemblies/Unity.InternalAPIEditorBridge.007.dll
[1273/1415  0s] CopyFiles Library/ScriptAssemblies/Unity.XR.CompositionLayers.UIInteraction.Editor.dll
[1274/1415  0s] CopyFiles Library/ScriptAssemblies/Unity.XR.CompositionLayers.UIInteraction.Editor.pdb
[1275/1415  0s] CopyFiles Library/ScriptAssemblies/Unity.XR.Hands.Analytics.Editor.dll
[1276/1415  0s] CopyFiles Library/ScriptAssemblies/Unity.XR.Hands.Analytics.Editor.pdb
[1277/1415  0s] CopyFiles Library/ScriptAssemblies/Unity.TestTools.CodeCoverage.Editor.pdb
[1278/1415  0s] CopyFiles Library/ScriptAssemblies/Unity.XR.CoreUtils.Editor.dll
[1279/1415  0s] CopyFiles Library/ScriptAssemblies/Unity.TestTools.CodeCoverage.Editor.dll
[1280/1415  0s] CopyFiles Library/ScriptAssemblies/Unity.XR.CoreUtils.Editor.pdb
[1281/1415  0s] CopyFiles Library/ScriptAssemblies/Unity.XR.CompositionLayers.Editor.pdb
[1282/1415  0s] CopyFiles Library/ScriptAssemblies/Unity.InternalAPIEditorBridge.ShaderGraph.Editor.pdb
[1283/1415  0s] CopyFiles Library/ScriptAssemblies/Unity.XR.CompositionLayers.Editor.dll
[1284/1415  0s] CopyFiles Library/ScriptAssemblies/Unity.Multiplayer.Center.Editor.dll
[1285/1415  0s] CopyFiles Library/ScriptAssemblies/Unity.InternalAPIEditorBridge.ShaderGraph.Editor.dll
[1286/1415  0s] CopyFiles Library/ScriptAssemblies/Unity.Multiplayer.Center.Editor.pdb
[1287/1415  0s] CopyFiles Library/ScriptAssemblies/Unity.Settings.Editor.pdb
[1288/1415  0s] CopyFiles Library/ScriptAssemblies/Unity.Settings.Editor.dll
[1289/1415  0s] CopyFiles Library/ScriptAssemblies/Unity.XR.Hands.CodeSamples.Editor.Tests.pdb
[1290/1415  0s] CopyFiles Library/ScriptAssemblies/Unity.XR.Hands.CodeSamples.Editor.Tests.dll
[1291/1415  0s] CopyFiles Library/ScriptAssemblies/UnityEditor.SpatialTracking.pdb
[1292/1415  0s] CopyFiles Library/ScriptAssemblies/UnityEditor.SpatialTracking.dll
[1293/1415  0s] CopyFiles Library/ScriptAssemblies/Unity.RenderPipelines.Universal.Editor.pdb
[1294/1415  0s] CopyFiles Library/ScriptAssemblies/Unity.RenderPipelines.Universal.2D.Editor.Overrides.pdb
[1295/1415  0s] CopyFiles Library/ScriptAssemblies/Unity.RenderPipelines.Universal.Editor.dll
[1296/1415  0s] CopyFiles Library/ScriptAssemblies/Unity.RenderPipelines.Universal.2D.Editor.Overrides.dll
[1297/1415  0s] CopyFiles Library/ScriptAssemblies/Unity.XR.Hands.Editor.pdb
[1298/1415  0s] CopyFiles Library/ScriptAssemblies/Unity.TestTools.CodeCoverage.Editor.OpenCover.Model.pdb
[1299/1415  0s] CopyFiles Library/ScriptAssemblies/Unity.XR.Hands.Editor.dll
[1300/1415  0s] CopyFiles Library/ScriptAssemblies/Unity.TestTools.CodeCoverage.Editor.OpenCover.Model.dll
[1301/1415  0s] CopyFiles Library/ScriptAssemblies/Unity.PathTracing.Editor.pdb
[1302/1415  0s] CopyFiles Library/ScriptAssemblies/Unity.PathTracing.Editor.dll
[1303/1415  0s] CopyFiles Library/ScriptAssemblies/Unity.InternalAPIEngineBridge.RenderPipelines.Core.Editor.dll
[1304/1415  0s] CopyFiles Library/ScriptAssemblies/Unity.InternalAPIEngineBridge.RenderPipelines.Core.Editor.pdb
[1305/1415  0s] CopyFiles Library/ScriptAssemblies/Unity.XR.ARFoundation.Editor.dll
[1306/1415  0s] CopyFiles Library/ScriptAssemblies/Unity.XR.Hands.Analytics.Hooks.Editor.pdb
[1307/1415  0s] CopyFiles Library/ScriptAssemblies/Unity.XR.ARFoundation.Editor.pdb
[1308/1415  0s] CopyFiles Library/ScriptAssemblies/Unity.XR.Hands.Analytics.Hooks.Editor.dll
[1309/1415  0s] CopyFiles Library/ScriptAssemblies/Unity.Burst.Editor.dll
[1310/1415  0s] CopyFiles Library/ScriptAssemblies/Unity.ShaderGraph.Utilities.pdb
[1311/1415  0s] CopyFiles Library/ScriptAssemblies/Unity.ShaderGraph.Utilities.dll
[1312/1415  0s] CopyFiles Library/ScriptAssemblies/Unity.XR.ARFoundation.InternalUtils.Editor.dll
[1313/1415  0s] CopyFiles Library/ScriptAssemblies/Unity.XR.ARFoundation.InternalUtils.Editor.pdb
[1314/1415  0s] CopyFiles Library/ScriptAssemblies/Unity.RenderPipelines.Core.Editor.Shared.dll
[1315/1415  0s] CopyFiles Library/ScriptAssemblies/Unity.RenderPipelines.Core.Editor.Shared.pdb
[1316/1415  0s] CopyFiles Library/ScriptAssemblies/Unity.XR.Simulation.Editor.pdb
[1317/1415  0s] CopyFiles Library/ScriptAssemblies/Assembly-CSharp-Editor.dll
[1318/1415  0s] CopyFiles Library/ScriptAssemblies/Unity.XR.Simulation.Editor.dll
[1319/1415  0s] CopyFiles Library/ScriptAssemblies/Assembly-CSharp-Editor.pdb
[1320/1415  0s] CopyFiles Library/ScriptAssemblies/Unity.RenderPipelines.Core.Editor.pdb
[1321/1415  0s] CopyFiles Library/ScriptAssemblies/Unity.RenderPipelines.Core.Editor.dll
[1322/1415  0s] CopyFiles Library/ScriptAssemblies/UnityEditor.UI.dll
[1323/1415  0s] CopyFiles Library/ScriptAssemblies/UnityEditor.UI.pdb
[1324/1415  0s] CopyFiles Library/ScriptAssemblies/Unity.XR.ARFoundation.VisualScripting.Editor.pdb
[1325/1415  0s] CopyFiles Library/ScriptAssemblies/Unity.XR.ARFoundation.VisualScripting.Editor.dll
[1326/1415  0s] CopyFiles Library/ScriptAssemblies/Unity.XR.Interaction.Toolkit.Editor.dll
[1327/1415  0s] CopyFiles Library/ScriptAssemblies/Unity.XR.Interaction.Toolkit.Editor.pdb
[1328/1415  0s] CopyFiles Library/ScriptAssemblies/Unity.XR.OpenXR.Features.RuntimeDebugger.Editor.dll
[1329/1415  0s] CopyFiles Library/ScriptAssemblies/Unity.XR.OpenXR.Features.RuntimeDebugger.Editor.pdb
[1330/1415  0s] CopyFiles Library/ScriptAssemblies/Unity.XR.ARSubsystems.Editor.dll
[1331/1415  0s] CopyFiles Library/ScriptAssemblies/Unity.XR.Interaction.Toolkit.CodeSamples.Tests.dll
[1332/1415  0s] CopyFiles Library/ScriptAssemblies/Unity.XR.ARSubsystems.Editor.pdb
[1333/1415  0s] CopyFiles Library/ScriptAssemblies/Unity.EditorCoroutines.Editor.dll
[1334/1415  0s] CopyFiles Library/ScriptAssemblies/Unity.XR.Interaction.Toolkit.CodeSamples.Tests.pdb
[1335/1415  0s] CopyFiles Library/ScriptAssemblies/UnityEditor.UI.Analytics.dll
[1336/1415  0s] CopyFiles Library/ScriptAssemblies/Unity.EditorCoroutines.Editor.pdb
[1337/1415  0s] CopyFiles Library/ScriptAssemblies/Unity.InputSystem.DocCodeSamples.dll
[1338/1415  0s] CopyFiles Library/ScriptAssemblies/UnityEditor.UI.Analytics.pdb
[1339/1415  0s] CopyFiles Library/ScriptAssemblies/Unity.XR.OpenXR.Features.OculusQuestSupport.Editor.dll
[1340/1415  0s] CopyFiles Library/ScriptAssemblies/Unity.InputSystem.DocCodeSamples.pdb
[1341/1415  0s] CopyFiles Library/ScriptAssemblies/Unity.XR.OpenXR.Features.OculusQuestSupport.Editor.pdb
[1342/1415  0s] CopyFiles Library/ScriptAssemblies/Unity.InputSystem.ForUI.Editor.dll
[1343/1415  0s] CopyFiles Library/ScriptAssemblies/Unity.InputSystem.ForUI.Editor.pdb
[1344/1415  0s] CopyFiles Library/ScriptAssemblies/Unity.Performance.Profile-Analyzer.Editor.dll
[1345/1415  0s] CopyFiles Library/ScriptAssemblies/Unity.XR.ARFoundation.VisualScripting.pdb
[1346/1415  0s] CopyFiles Library/ScriptAssemblies/Unity.InputSystem.ForUI.pdb
[1347/1415  0s] CopyFiles Library/ScriptAssemblies/Unity.Performance.Profile-Analyzer.Editor.pdb
[1348/1415  0s] CopyFiles Library/ScriptAssemblies/Assembly-CSharp.pdb
[1349/1415  0s] CopyFiles Library/ScriptAssemblies/UnityEngine.UI.pdb
[1350/1415  0s] CopyFiles Library/ScriptAssemblies/Unity.XR.ARFoundation.pdb
[1351/1415  0s] CopyFiles Library/ScriptAssemblies/UnityEngine.XR.LegacyInputHelpers.pdb
[1352/1415  0s] CopyFiles Library/ScriptAssemblies/Unity.RenderPipeline.Universal.ShaderLibrary.pdb
[1353/1415  0s] CopyFiles Library/ScriptAssemblies/Unity.XR.OpenXR.Features.ConformanceAutomation.pdb
[1354/1415  0s] CopyFiles Library/ScriptAssemblies/Unity.XR.ARFoundation.InternalUtils.pdb
[1355/1415  0s] CopyFiles Library/ScriptAssemblies/Unity.XR.Management.pdb
[1356/1415  0s] CopyFiles Library/ScriptAssemblies/Unity.XR.OpenXR.Features.MetaQuestSupport.pdb
[1357/1415  0s] CopyFiles Library/ScriptAssemblies/Unity.XR.OpenXR.pdb
[1358/1415  0s] CopyFiles Library/ScriptAssemblies/Unity.Tutorials.pdb
[1359/1415  0s] CopyFiles Library/ScriptAssemblies/Unity.Burst.pdb
[1360/1415  0s] CopyFiles Library/ScriptAssemblies/Unity.XR.Hands.pdb
[1361/1415  0s] CopyFiles Library/ScriptAssemblies/Unity.RenderPipelines.GPUDriven.Runtime.pdb
[1362/1415  0s] CopyFiles Library/ScriptAssemblies/Unity.XR.Interaction.Toolkit.pdb
[1363/1415  0s] CopyFiles Library/ScriptAssemblies/Unity.RenderPipelines.Core.Runtime.Shared.pdb
[1364/1415  0s] CopyFiles Library/ScriptAssemblies/Unity.XR.Simulation.pdb
[1365/1415  0s] CopyFiles Library/ScriptAssemblies/Unity.PathTracing.Runtime.pdb
[1366/1415  0s] CopyFiles Library/ScriptAssemblies/Unity.XR.CoreUtils.pdb
[1367/1415  0s] CopyFiles Library/ScriptAssemblies/Unity.XR.Hands.Samples.VisualizerSample.pdb
[1368/1415  0s] CopyFiles Library/ScriptAssemblies/Unity.XR.OpenXR.Features.RuntimeDebugger.pdb
[1369/1415  0s] CopyFiles Library/ScriptAssemblies/Unity.XR.OpenXR.Features.OculusQuestSupport.pdb
[1370/1415  0s] CopyFiles Library/ScriptAssemblies/Unity.XR.Interaction.Toolkit.Samples.Hands.pdb
[1371/1415  0s] CopyFiles Library/ScriptAssemblies/Unity.XR.CompositionLayers.UIInteraction.pdb
[1372/1415  0s] CopyFiles Library/ScriptAssemblies/UnityEngine.SpatialTracking.pdb
[1373/1415  0s] CopyFiles Library/ScriptAssemblies/Unity.XR.MetaOpenXR.pdb
[1374/1415  0s] CopyFiles Library/ScriptAssemblies/Unity.XR.AndroidOpenXR.pdb
[1375/1415  0s] ILPostProcess Library/Bee/artifacts/1900b0aE.dag/post-processed/Unity.TestTools.CodeCoverage.Editor.OpenCover.Mono.Reflection.dll (+pdb)
Processing assembly Library/Bee/artifacts/1900b0aE.dag/Unity.TestTools.CodeCoverage.Editor.OpenCover.Mono.Reflection.dll, with 143 defines and 295 references

processors: Unity.Jobs.CodeGen.JobsILPostProcessor, zzzUnity.Burst.CodeGen.BurstILPostProcessor

running Unity.Jobs.CodeGen.JobsILPostProcessor

running zzzUnity.Burst.CodeGen.BurstILPostProcessor
[1376/1415  0s] CopyFiles Library/ScriptAssemblies/Unity.XR.ARSubsystems.pdb
[1377/1415  0s] CopyFiles Library/ScriptAssemblies/Unity.XR.OpenXR.Features.MockRuntime.pdb
[1378/1415  0s] CopyFiles Library/ScriptAssemblies/Unity.PerformanceTesting.pdb
[1379/1415  0s] CopyFiles Library/ScriptAssemblies/Unity.Multiplayer.Center.Common.pdb
[1380/1415  0s] CopyFiles Library/ScriptAssemblies/Unity.XR.OpenXR.TestTooling.pdb
[1381/1415  0s] CopyFiles Library/ScriptAssemblies/Unity.InternalAPIEngineBridge.004.pdb
[1382/1415  0s] CopyFiles Library/ScriptAssemblies/Unity.XR.Interaction.Toolkit.Samples.StarterAssets.pdb
[1383/1415  0s] CopyFiles Library/ScriptAssemblies/Unity.RenderPipelines.ShaderGraph.ShaderGraphLibrary.pdb
[1384/1415  0s] CopyFiles Library/ScriptAssemblies/Unity.XR.CompositionLayers.pdb
[1385/1415  0s] CopyFiles Library/ScriptAssemblies/Unity.Collections.pdb
[1386/1415  0s] CopyFiles Library/ScriptAssemblies/Unity.RenderPipelines.Core.Runtime.pdb
[1387/1415  0s] CopyFiles Library/ScriptAssemblies/Unity.RenderPipelines.Universal.2D.Runtime.pdb
[1388/1415  0s] CopyFiles Library/ScriptAssemblies/Unity.RenderPipelines.Universal.Runtime.pdb
[1389/1415  0s] CopyFiles Library/ScriptAssemblies/Unity.UnifiedRayTracing.Runtime.pdb
[1390/1415  0s] CopyFiles Library/ScriptAssemblies/Unity.RenderPipelines.Core.ShaderLibrary.pdb
[1391/1415  0s] CopyFiles Library/ScriptAssemblies/Unity.RenderPipelines.Universal.Config.Runtime.pdb
[1392/1415  0s] CopyFiles Library/ScriptAssemblies/Unity.TextMeshPro.pdb
[1393/1415  0s] CopyFiles Library/ScriptAssemblies/Unity.InternalAPIEngineBridge.RenderPipelines.Core.Runtime.Shared.pdb
[1394/1415  0s] CopyFiles Library/ScriptAssemblies/Unity.RenderPipelines.Universal.Shaders.pdb
[1395/1415  0s] CopyFiles Library/ScriptAssemblies/Unity.SurfaceCache.Runtime.pdb
[1396/1415  0s] CopyFiles Library/ScriptAssemblies/Unity.InputSystem.TestFramework.pdb
[1397/1415  0s] CopyFiles Library/ScriptAssemblies/Unity.Mathematics.pdb
[1398/1415  0s] CopyFiles Library/ScriptAssemblies/Unity.Rider.Editor.pdb
[1399/1415  0s] CopyFiles Library/ScriptAssemblies/Unity.Rider.Editor.dll
[1400/1415  0s] CopyFiles Library/ScriptAssemblies/Unity.VisualStudio.Editor.pdb
[1401/1415  0s] CopyFiles Library/ScriptAssemblies/Unity.VisualStudio.Editor.dll
[1402/1415  0s] CopyFiles Library/ScriptAssemblies/Unity.Collections.CodeGen.pdb
[1403/1415  0s] CopyFiles Library/ScriptAssemblies/Unity.InputSystem.pdb
[1404/1415  0s] CopyFiles Library/ScriptAssemblies/Unity.Burst.CodeGen.dll
[1405/1415  0s] CopyFiles Library/ScriptAssemblies/Unity.Collections.CodeGen.dll
[1406/1415  0s] CopyFiles Library/ScriptAssemblies/Unity.Burst.CodeGen.pdb
[1407/1415  0s] CopyFiles Library/ScriptAssemblies/Unity.TestTools.CodeCoverage.Editor.OpenCover.Mono.Reflection.dll
[1408/1415  0s] CopyFiles Library/ScriptAssemblies/Unity.TestTools.CodeCoverage.Editor.OpenCover.Mono.Reflection.pdb
[1409/1415  0s] ILPostProcess Library/Bee/artifacts/1900b0aE.dag/post-processed/Unity.PerformanceTesting.Editor.dll (+pdb)
Processing assembly Library/Bee/artifacts/1900b0aE.dag/Unity.PerformanceTesting.Editor.dll, with 144 defines and 292 references

processors: Unity.Jobs.CodeGen.JobsILPostProcessor, zzzUnity.Burst.CodeGen.BurstILPostProcessor

running Unity.Jobs.CodeGen.JobsILPostProcessor

running zzzUnity.Burst.CodeGen.BurstILPostProcessor
[1410/1415  0s] ILPostProcess Library/Bee/artifacts/1900b0aE.dag/post-processed/Unity.InternalAPIEngineBridge.007.dll (+pdb)
Processing assembly Library/Bee/artifacts/1900b0aE.dag/Unity.InternalAPIEngineBridge.007.dll, with 143 defines and 295 references

processors: Unity.Jobs.CodeGen.JobsILPostProcessor, zzzUnity.Burst.CodeGen.BurstILPostProcessor

running Unity.Jobs.CodeGen.JobsILPostProcessor

running zzzUnity.Burst.CodeGen.BurstILPostProcessor
[1411/1415  0s] CopyFiles Library/ScriptAssemblies/Unity.PerformanceTesting.Editor.pdb
[1412/1415  0s] CopyFiles Library/ScriptAssemblies/Unity.InternalAPIEngineBridge.007.dll
[1413/1415  0s] CopyFiles Library/ScriptAssemblies/Unity.InternalAPIEngineBridge.007.pdb
[1414/1415  0s] CopyFiles Library/ScriptAssemblies/Unity.PerformanceTesting.Editor.dll
*** Tundra build success (50.59 seconds), 689 items updated, 1415 evaluated
Total cache size 91660580
Total cache size after purge 91660580, took 00:00:00.1589733
AssetDatabase: script compilation time: 62.406695s
[Licensing::Client] Successfully resolved entitlement details
Begin MonoManager ReloadAssembly
Importing 'GUID: cba906902eb16f7ed362c184f75d34b8 - Path: Assets/AvionesPapelVR' with importer (DefaultImporter)
Imported 'GUID: cba906902eb16f7ed362c184f75d34b8' -> (Import Result ID: 'f4b638842c057ddad11189c472193b90') in 0.017 seconds [static dependencies only]. Details - ImportResultOutputID=513b8c18a7317a50459a458b85db13aa DependenciesID=2aa5fb17862676d16031d7eb9b71dfea StaticDependenciesID=8c6cd84b4955ce30fb63c7c6f15ece68 
Importing 'GUID: 72d6571c69cf859ce3d248394f4af6cb - Path: Assets/AvionesPapelVR/Scripts' with importer (DefaultImporter)
Imported 'GUID: 72d6571c69cf859ce3d248394f4af6cb' -> (Import Result ID: '14ac7b0ce035bed9e857b86512ea4c5c') in 0.002 seconds [static dependencies only]. Details - ImportResultOutputID=8730e4351b418cbd1b71c5097c00b321 DependenciesID=bf068b0a6fcf92eddeac20d0c4e81065 StaticDependenciesID=7d4436710a58c6d1c399a792b113e01a 
Importing 'GUID: 92e4084dad13ffc77408e9b1875d5eb7 - Path: Assets/AvionesPapelVR/Textures' with importer (DefaultImporter)
Imported 'GUID: 92e4084dad13ffc77408e9b1875d5eb7' -> (Import Result ID: '803d7836dd48e2d75514804e39c542d1') in 0.002 seconds [static dependencies only]. Details - ImportResultOutputID=2445a19ded4871caeca8c740550a4dd4 DependenciesID=95d85958d7aa0f1622dbbd18675ef97a StaticDependenciesID=b14aeb81c122ae282ba329bd77991475 
Importing 'GUID: a2eb2b0672386518a802afdae9b0db91 - Path: Assets/AvionesPapelVR/Data' with importer (DefaultImporter)
Imported 'GUID: a2eb2b0672386518a802afdae9b0db91' -> (Import Result ID: 'bc43c072f7b99dd7e9facbe00a923212') in 0.002 seconds [static dependencies only]. Details - ImportResultOutputID=a3ddd8108b1e64a70939a6a602edba24 DependenciesID=968196d67fcdba73e38931a25824ddad StaticDependenciesID=a7c17804b156859fefe4f5322ed233a4 
Importing 'GUID: 83d9e48f9500b28b67b45ab603ec9468 - Path: Assets/AvionesPapelVR/Scenes' with importer (DefaultImporter)
Imported 'GUID: 83d9e48f9500b28b67b45ab603ec9468' -> (Import Result ID: 'aa65e3cacbd19c7b94fd223d0a17b0c0') in 0.002 seconds [static dependencies only]. Details - ImportResultOutputID=3ae2d472a3c41e3ed0001a5c4aff0722 DependenciesID=83da99214020624af8171f9d7a9ecef1 StaticDependenciesID=7b8be0d2976a09dc336e6fbb8d302dff 
Importing 'GUID: d73f7143c1c0f015d855ce71279d14c3 - Path: Assets/AvionesPapelVR/Audio' with importer (DefaultImporter)
Imported 'GUID: d73f7143c1c0f015d855ce71279d14c3' -> (Import Result ID: '68425b89c531223e004e5b50cf60f90d') in 0.002 seconds [static dependencies only]. Details - ImportResultOutputID=9eb0029fa59216b9532c572a3dbd3867 DependenciesID=bca388bf3fd81e97bdc6d437a2df84df StaticDependenciesID=33b3500e2a4d3bdcd6bb6beb8d13aeb4 
Importing 'GUID: f77a35ffa66fe6409fa1cf89061435be - Path: Assets/AvionesPapelVR/Prefabs' with importer (DefaultImporter)
Imported 'GUID: f77a35ffa66fe6409fa1cf89061435be' -> (Import Result ID: '86f005d513195737c9f93a5fbf6afcda') in 0.002 seconds [static dependencies only]. Details - ImportResultOutputID=7707d8227ed19842c87b37a40366ebb2 DependenciesID=e0589bf9d13d09f226ef7dcbc5d6c854 StaticDependenciesID=9d11bc599de337bd45c63e680232e147 
Importing 'GUID: f953528748f06fa7657e289fea004f75 - Path: Assets/AvionesPapelVR/Materials' with importer (DefaultImporter)
Imported 'GUID: f953528748f06fa7657e289fea004f75' -> (Import Result ID: '6cc0c62330ad2d88befdb319b42b1df6') in 0.002 seconds [static dependencies only]. Details - ImportResultOutputID=00ff602e9aa7abd5d018a6cc5ef6966f DependenciesID=219e3429dacf5f8ac573d2ea3686c8b1 StaticDependenciesID=ce570a5dfccac229109f97e36fc57dd0 
Importing 'GUID: eb9ac85942c88aeb5baf2f42c4f17b8b - Path: Assets/AvionesPapelVR/Models' with importer (DefaultImporter)
Imported 'GUID: eb9ac85942c88aeb5baf2f42c4f17b8b' -> (Import Result ID: 'cd8940a16003e788e91e67719b9a7700') in 0.002 seconds [static dependencies only]. Details - ImportResultOutputID=da1ae26f80cdca4b0d74cc85a20b0619 DependenciesID=b0c39a99d11ec1f612bf56fa99ed4811 StaticDependenciesID=febd733fc41a3a04c1dd1e8a34f27ed5 
Importing 'GUID: 2079983f86fe6eb28eeff5d696be6115 - Path: Assets/AvionesPapelVR/Prefabs/Enemies' with importer (DefaultImporter)
Imported 'GUID: 2079983f86fe6eb28eeff5d696be6115' -> (Import Result ID: 'c9ec58f8253334a10c1db63c9d8f1515') in 0.002 seconds [static dependencies only]. Details - ImportResultOutputID=53beaa0c8895be0da3086c93927aa711 DependenciesID=8a1ddec7cf5d628bb5f16537a890338b StaticDependenciesID=17e13c01dd70036f63a1d8fc91301119 
Importing 'GUID: 311c6bafe49800a5a52d9323685e56de - Path: Assets/AvionesPapelVR/Scripts/Editor' with importer (DefaultImporter)
Imported 'GUID: 311c6bafe49800a5a52d9323685e56de' -> (Import Result ID: 'aeff58e7bca13a644e8fe5702c41f7f8') in 0.002 seconds [static dependencies only]. Details - ImportResultOutputID=8f1b0cfbc394b7f19984f2b7d3b3f7ab DependenciesID=645e7a029ff3d9b192411d628b85efc2 StaticDependenciesID=bb49a8398cb782bf6cac7e932ce2717f 
Importing 'GUID: 62775c95f15a30aa73572bcd693b1c0c - Path: Assets/AvionesPapelVR/Prefabs/Environments' with importer (DefaultImporter)
Imported 'GUID: 62775c95f15a30aa73572bcd693b1c0c' -> (Import Result ID: '37e5655d729621c862d1053fdb3dbb56') in 0.002 seconds [static dependencies only]. Details - ImportResultOutputID=ded0829b38e849405d52b1f5c0845b82 DependenciesID=2a74fbbb003049b75a116be00f291849 StaticDependenciesID=5e985116d4d07cb1bd9e7ee53bc0d781 
Importing 'GUID: 43e9ebda8ea4e52394801a2790dc2bb5 - Path: Assets/AvionesPapelVR/Prefabs/Weapons' with importer (DefaultImporter)
Imported 'GUID: 43e9ebda8ea4e52394801a2790dc2bb5' -> (Import Result ID: 'f33056200b3481255ac1ed7281f63f89') in 0.002 seconds [static dependencies only]. Details - ImportResultOutputID=ca60e849f61d101e12dcb9f83cc0b92f DependenciesID=f67d7cdb195027f6f035befedc6484c3 StaticDependenciesID=a8f510506e13feaa633178620ab1260b 
Importing 'GUID: 53d2c740cf34ff868f4e59bd10e76802 - Path: Assets/AvionesPapelVR/Prefabs/Props' with importer (DefaultImporter)
Imported 'GUID: 53d2c740cf34ff868f4e59bd10e76802' -> (Import Result ID: '5e27145fb91069bbce6ae5e7e2f11ba8') in 0.003 seconds [static dependencies only]. Details - ImportResultOutputID=716eb00e12d49c551d564df135b4fcd2 DependenciesID=da6e960e26170f038f4cc9d753a95148 StaticDependenciesID=6141b2f7976d8d43d5547c0978f6d56c 
Importing 'GUID: 7353aab0cb75fe5a64b66c405a44cafa - Path: Assets/AvionesPapelVR/Models/Enemies' with importer (DefaultImporter)
Imported 'GUID: 7353aab0cb75fe5a64b66c405a44cafa' -> (Import Result ID: '5b10e6d53878385a338c6703182911f4') in 0.001 seconds [static dependencies only]. Details - ImportResultOutputID=789e12192eb300f0a12ec3c4d4476094 DependenciesID=8f1b526bc157edb05cb73d19340098ca StaticDependenciesID=4495afd2f7752a980885a04e7da4cad2 
Importing 'GUID: f61ba5a061ff72fde697e6de54888ded - Path: Assets/AvionesPapelVR/Models/Weapons' with importer (DefaultImporter)
Imported 'GUID: f61ba5a061ff72fde697e6de54888ded' -> (Import Result ID: '07da0b881e4bc397ade3ff6634e305a2') in 0.001 seconds [static dependencies only]. Details - ImportResultOutputID=e9f927f0d1f0b384ff7be00c94f23ee3 DependenciesID=5a8fa36fe7c1218d3d233fdfa3073cfc StaticDependenciesID=36c81164755ec1ccc64ebecebbcbde2c 
Importing 'GUID: b7752f7c666995c595dd8650f2813c6f - Path: Assets/AvionesPapelVR/Models/Environments' with importer (DefaultImporter)
Imported 'GUID: b7752f7c666995c595dd8650f2813c6f' -> (Import Result ID: '98ad1445c40e7a3ceba9f06676534c11') in 0.001 seconds [static dependencies only]. Details - ImportResultOutputID=7c927212bc09db5ff1eff50ab5f0ccc8 DependenciesID=a88929934591bcf11d1d3a02a6033efa StaticDependenciesID=b76d5fd0595b56117679e1fffa3cbded 
Importing 'GUID: 38c2ac9c5555092b8dd757de36a26e50 - Path: Assets/AvionesPapelVR/Scripts/Core' with importer (DefaultImporter)
Imported 'GUID: 38c2ac9c5555092b8dd757de36a26e50' -> (Import Result ID: 'c3030e11533f7b1d2892ffdf8f86a331') in 0.002 seconds [static dependencies only]. Details - ImportResultOutputID=0741217356fd96d35711d87697a8d84e DependenciesID=f195a469c7d4a6c34010e34a19c88176 StaticDependenciesID=2aa13bcd1911b4449614594ba30e3711 
Importing 'GUID: 687aa3fae224cd44ec2492f9b2cda601 - Path: Assets/AvionesPapelVR/Prefabs/Collectibles' with importer (DefaultImporter)
Imported 'GUID: 687aa3fae224cd44ec2492f9b2cda601' -> (Import Result ID: 'c957f42bbc792bb47479e80f32426ed5') in 0.002 seconds [static dependencies only]. Details - ImportResultOutputID=eb6b9e5b511d79aa74796b5dd7a4bfd2 DependenciesID=b31bac1b8619ea369f3ca9f2b9b3e35c StaticDependenciesID=a040a616501b5b069ed1d9ceef0e37de 
Importing 'GUID: 8928654dc62b5c3d5064da6dad63b074 - Path: Assets/AvionesPapelVR/Models/Planes' with importer (DefaultImporter)
Imported 'GUID: 8928654dc62b5c3d5064da6dad63b074' -> (Import Result ID: '1eefebd3d4e52f9c8086fbbce750e8bf') in 0.002 seconds [static dependencies only]. Details - ImportResultOutputID=44220d1027c52ccda70e19f44ac1bad6 DependenciesID=a3ce34f1d2b8f9e6709a714acdfbfb35 StaticDependenciesID=11be4ab634eb5eb61df8641bc739ff98 
Importing 'GUID: 894d6a794a35ea1498cbefe0c6599909 - Path: Assets/AvionesPapelVR/Models/Collectibles' with importer (DefaultImporter)
Imported 'GUID: 894d6a794a35ea1498cbefe0c6599909' -> (Import Result ID: '736360421ff6b858f68dae1e1c4184d7') in 0.001 seconds [static dependencies only]. Details - ImportResultOutputID=597636f1fb860029223d279a910bfbde DependenciesID=8a4029eeee63f652e4526d651968d325 StaticDependenciesID=ec9b969a872f9bd5f4b2ba2c348ca4f5 
Importing 'GUID: fa2a014dd3a91a38ff20f0085495dcb9 - Path: Assets/AvionesPapelVR/Models/Props' with importer (DefaultImporter)
Imported 'GUID: fa2a014dd3a91a38ff20f0085495dcb9' -> (Import Result ID: '807d66124feec56a7a055709b1c36584') in 0.001 seconds [static dependencies only]. Details - ImportResultOutputID=5f57ac93a4454efba81625c7a787b03b DependenciesID=6f91dab1b9ca47c10567dd9395399849 StaticDependenciesID=947c7e31f2a8f88f88c165613fa85867 
Importing 'GUID: 6bb8c3c6aed3abf8223a8062c0fca936 - Path: Assets/AvionesPapelVR/Scripts/Gameplay' with importer (DefaultImporter)
Imported 'GUID: 6bb8c3c6aed3abf8223a8062c0fca936' -> (Import Result ID: '85f0ebf432f7a9f2d088d575f84978d6') in 0.002 seconds [static dependencies only]. Details - ImportResultOutputID=79daaa07114a95bc9d773c5e0f060d82 DependenciesID=469256844db3449e96b46d71ba08b620 StaticDependenciesID=358d9643d4b678ed36f45a3e2df8edde 
Importing 'GUID: bbfc27580d4d42af61c6de6f938e7890 - Path: Assets/AvionesPapelVR/Prefabs/Planes' with importer (DefaultImporter)
Imported 'GUID: bbfc27580d4d42af61c6de6f938e7890' -> (Import Result ID: '675928e0e25a87d9461f341848707449') in 0.034 seconds [static dependencies only]. Details - ImportResultOutputID=60e9f210ec7d1159bb55eb2218ceaa8c DependenciesID=8b1ff3b0dd082999062b6c765517e7ed StaticDependenciesID=96fd8249c72783630090a69032773e1c 
Refreshing native plugins compatible for Editor in 9.63 ms, found 10 plugins.
Native extension for WindowsStandalone target not found
Native extension for WebGL target not found
Starting new worker id: 0 with log in C:/Users/Usuariocc/Downloads/Avion_VR/Avion_VR/Logs/AssetImportWorkerHW0.log
ScheduleIndexationOnStartup MainProcess:True IndexOnStartup:True
Mono: successfully reloaded assembly
- Finished resetting the current domain, in  4.976 seconds
Domain Reload Profiling: 6900ms
	BeginReloadAssembly (285ms)
		DisableScriptedObjects (32ms)
		CreateAndSetChildDomain (49ms)
	RebuildCommonClasses (11ms)
	RebuildNativeTypeToScriptingClass (23ms)
	initialDomainReloadingComplete (76ms)
	LoadAllAssembliesAndSetupDomain (1529ms)
		LoadAssemblies (1064ms)
		AnalyzeDomain (386ms)
			TypeCache.Refresh (234ms)
				TypeCache.ScanAssembly (217ms)
			BuildScriptInfoCaches (138ms)
			ResolveRequiredComponents (11ms)
	FinalizeReload (4977ms)
		SetupLoadedEditorAssemblies (0ms)
			InitializePlatformSupportModulesInManaged (3ms)
			BeforeProcessingInitializeOnLoad (142ms)
			ProcessInitializeOnLoadAttributes (3922ms)
			ProcessInitializeOnLoadMethodAttributes (389ms)
			AfterProcessingInitializeOnLoad (10ms)
		AwakeInstancesAfterBackupRestoration (29ms)
Importing 'GUID: 508e677730746e45f5ef49bf1f74bd28 - Path: Assets/AvionesPapelVR/Textures/ShieldCyan.png' with importer (TextureImporter)
Imported 'GUID: 508e677730746e45f5ef49bf1f74bd28' -> (Import Result ID: '81dd18705121590ac849e6668e0020d4') in 0.010 seconds [static and dynamic dependencies]. Details - ImportResultOutputID=81c5dfc3155dba58a5100fdb0d798c08 DependenciesID=cd7e3f766c4eb02c333aecfeb936c495 StaticDependenciesID=4f729fe9c423540bc8e44d440f275a90 
Importing 'GUID: 01eb4e4a06a1512d782de3ebf1bb91b0 - Path: Assets/AvionesPapelVR/Textures/MagicPurple.png' with importer (TextureImporter)
Imported 'GUID: 01eb4e4a06a1512d782de3ebf1bb91b0' -> (Import Result ID: '49e30b33bf71629360b080b08734c49f') in 0.005 seconds [static and dynamic dependencies]. Details - ImportResultOutputID=ef4b4b2fa6c9bd9300c42315d029b852 DependenciesID=0a862f0317bffd0b904276b98d3affd9 StaticDependenciesID=5375814f0827f122393dbbaea1a4a653 
Importing 'GUID: a39177a24525b15fb79f4f6259445499 - Path: Assets/AvionesPapelVR/Textures/PaperPurple.png' with importer (TextureImporter)
Imported 'GUID: a39177a24525b15fb79f4f6259445499' -> (Import Result ID: 'f99507ac11f17a852fb1fc0ce4783288') in 0.012 seconds [static and dynamic dependencies]. Details - ImportResultOutputID=6a7a432b86462ea016c102548c696e7d DependenciesID=fec068a0fb9f291df06f986c99dd6980 StaticDependenciesID=e3a645717c5e4ae85b19134c2657dd17 
Importing 'GUID: f3ef622ec58bbee19280c9c20c2c7d17 - Path: Assets/AvionesPapelVR/Textures/PaperPink.png' with importer (TextureImporter)
Imported 'GUID: f3ef622ec58bbee19280c9c20c2c7d17' -> (Import Result ID: '057ba75e154a33f61a090ce1678b8791') in 0.011 seconds [static and dynamic dependencies]. Details - ImportResultOutputID=de91070ebd24e984254a3b8e90ce06d4 DependenciesID=bb2a3107e81f580590a96729b0f0889e StaticDependenciesID=b9e07e421638eee2fd2ab287197eb4e8 
Importing 'GUID: 7413850fa826786bb3888a4da21e0675 - Path: Assets/AvionesPapelVR/Textures/FuturOffice.png' with importer (TextureImporter)
Imported 'GUID: 7413850fa826786bb3888a4da21e0675' -> (Import Result ID: 'c50424f239a769e8fce2d8f49c2b8b09') in 0.005 seconds [static and dynamic dependencies]. Details - ImportResultOutputID=f0cef9a1c687fb7f71a48ebf2ebb8f95 DependenciesID=a84842ba11f02778193f85902b23e42a StaticDependenciesID=04befaf7ed15f47740abaea9575a49aa 
Importing 'GUID: 3561d1864bdbe9d8131a70564a0fd67f - Path: Assets/AvionesPapelVR/Textures/PaperCyan.png' with importer (TextureImporter)
Imported 'GUID: 3561d1864bdbe9d8131a70564a0fd67f' -> (Import Result ID: '9acb81a915fc6f70394828a4b5963a55') in 0.023 seconds [static and dynamic dependencies]. Details - ImportResultOutputID=dc0c0237c0a568291ea722604c88728d DependenciesID=2c2ed5dc1b3e15b30a9043156cdb82a6 StaticDependenciesID=765457b3560205cb9ae4a17c2c00b40f 
Importing 'GUID: a5fa160b1b6433a36bc4e8c4634a6c2b - Path: Assets/AvionesPapelVR/Textures/StarYellow.png' with importer (TextureImporter)
Imported 'GUID: a5fa160b1b6433a36bc4e8c4634a6c2b' -> (Import Result ID: '970fe42a6e91f09c33a17f58cb2cd740') in 0.006 seconds [static and dynamic dependencies]. Details - ImportResultOutputID=d46234c3c2bfe0f34f9d912aaa5548bf DependenciesID=a581da57ee2f14a5013b109ee4452207 StaticDependenciesID=33f91215d1398c274eb1539dce7d276a 
Importing 'GUID: 863e7070f72f1ed67f1d0ebb6fdd0649 - Path: Assets/AvionesPapelVR/Textures/PaperYellow.png' with importer (TextureImporter)
Imported 'GUID: 863e7070f72f1ed67f1d0ebb6fdd0649' -> (Import Result ID: 'c42764a1f5a9c66eb1e5612310f63b40') in 0.011 seconds [static and dynamic dependencies]. Details - ImportResultOutputID=4dbd268f8650ddca96e8b69e1a8c726f DependenciesID=ededfea3796bf24091d2236d5906cbf3 StaticDependenciesID=25fdcc228d03064d58df10e8cda4e3df 
Importing 'GUID: 964f17fc1b2e113a114f3a5ab18ec698 - Path: Assets/AvionesPapelVR/Textures/CoinGold.png' with importer (TextureImporter)
Imported 'GUID: 964f17fc1b2e113a114f3a5ab18ec698' -> (Import Result ID: '47e27cb664373f1cfc69f41475220841') in 0.004 seconds [static and dynamic dependencies]. Details - ImportResultOutputID=ca47dc8c0f58c4fb155f3df2a5ea5f97 DependenciesID=149908adcfa4bc9c7a1ccedeb6d94eeb StaticDependenciesID=46ae7d1eed617e0e4e713f68d79bf10d 
Importing 'GUID: 281ff72d1ffb7567b13858810a2efb8c - Path: Assets/AvionesPapelVR/Textures/TurboOrange.png' with importer (TextureImporter)
Imported 'GUID: 281ff72d1ffb7567b13858810a2efb8c' -> (Import Result ID: '19c9a27b28efeeb4fd3376c13ef046c3') in 0.005 seconds [static and dynamic dependencies]. Details - ImportResultOutputID=7aa2de4503eb7a0fdadf3e8b05b4f5ba DependenciesID=2016e521cfcd243bf12488ddd54306d1 StaticDependenciesID=e49a5c1315a85337417ff2d25d1fa81e 
Importing 'GUID: 38989e7d84e2af86285ddfd362df62b3 - Path: Assets/AvionesPapelVR/Textures/PaperWhite.png' with importer (TextureImporter)
Imported 'GUID: 38989e7d84e2af86285ddfd362df62b3' -> (Import Result ID: '1dfb381bc3e1cd4f6a8f82529fa09ae0') in 0.011 seconds [static and dynamic dependencies]. Details - ImportResultOutputID=46855561054f315e00f8698c97d5a78f DependenciesID=3ccda712f0fc4331313ecd305e24e9d4 StaticDependenciesID=d865350f4ede4e86977a805c2b488cf3 
Importing 'GUID: b800ab279ca269da277719245cc57389 - Path: Assets/AvionesPapelVR/Textures/TripleMagenta.png' with importer (TextureImporter)
Imported 'GUID: b800ab279ca269da277719245cc57389' -> (Import Result ID: '36d9fc05b65036b628ae367addc1c955') in 0.004 seconds [static and dynamic dependencies]. Details - ImportResultOutputID=0920109c043f59cdc3bb987713c6e059 DependenciesID=f31ebd152f4e273502f9d462a410805e StaticDependenciesID=5f787a57666c5bb15eda1e0e9a97cf87 
Importing 'GUID: c947f9c9f795f5cbefe7bd7652ea4156 - Path: Assets/AvionesPapelVR/Textures/PaperGold.png' with importer (TextureImporter)
Imported 'GUID: c947f9c9f795f5cbefe7bd7652ea4156' -> (Import Result ID: '1fb26cbe6d6f9480ad7c33891a83ee6b') in 0.010 seconds [static and dynamic dependencies]. Details - ImportResultOutputID=49c978f8b2c56a121440dc0966eaed9a DependenciesID=3a6280dabe488f1cb716777aab6bba15 StaticDependenciesID=bce0fb9e103a402e8a1bdecc96b22d16 
Importing 'GUID: e9d7547d5864173cf965f7f472a14b11 - Path: Assets/AvionesPapelVR/Textures/MetalDrone.png' with importer (TextureImporter)
Imported 'GUID: e9d7547d5864173cf965f7f472a14b11' -> (Import Result ID: 'e06786d40792a4b974e562a4541419d6') in 0.013 seconds [static and dynamic dependencies]. Details - ImportResultOutputID=cabec1d1b83a464923d55e1fdc40136c DependenciesID=835ccdc649298874be87d6d8e44525bf StaticDependenciesID=6f5a7cd33c205c5b2aef17f8da768cce 
Importing 'GUID: 1a2f7f83ee260233493ef8242eb10881 - Path: Assets/AvionesPapelVR/Textures/InkBlack.png' with importer (TextureImporter)
Imported 'GUID: 1a2f7f83ee260233493ef8242eb10881' -> (Import Result ID: '451b1f522cd0a5c2e3164ae49924e832') in 0.005 seconds [static and dynamic dependencies]. Details - ImportResultOutputID=01540f0fd146cf6e693bb8a2bdcc8e87 DependenciesID=7b594b9b157b8bec4ff0ec3479f5ebbe StaticDependenciesID=42af4f5fa1455f6386c5459a5c029cab 
Importing 'GUID: eab597d1126281df6a5117f4ae083ee8 - Path: Assets/AvionesPapelVR/Textures/PaperBlue.png' with importer (TextureImporter)
Imported 'GUID: eab597d1126281df6a5117f4ae083ee8' -> (Import Result ID: '5b0caa40dec15bac371c9faa0ab159ef') in 0.012 seconds [static and dynamic dependencies]. Details - ImportResultOutputID=5713a1423ab73ee750bf5a38e09986ab DependenciesID=b039b266bd402a86cba162c265f0382b StaticDependenciesID=a3f7b3868e728e4768180b9d160fd8f2 
Importing 'GUID: 4b142c49d545a81fcfc17f8e02d832fc - Path: Assets/AvionesPapelVR/Textures/PaperOrange.png' with importer (TextureImporter)
Imported 'GUID: 4b142c49d545a81fcfc17f8e02d832fc' -> (Import Result ID: '422ddece0ce2e3e86e05461fa1e46ba3') in 0.012 seconds [static and dynamic dependencies]. Details - ImportResultOutputID=a56056857c7ab397789207954e28ef90 DependenciesID=0868f15e0ef9f88fc760f67d91e1c693 StaticDependenciesID=602797330a3cd9438925834ccd75dd73 
Importing 'GUID: cb6d6d5da4e58fc7706c8f07e3aabe43 - Path: Assets/AvionesPapelVR/Textures/StarrySky.png' with importer (TextureImporter)
Imported 'GUID: cb6d6d5da4e58fc7706c8f07e3aabe43' -> (Import Result ID: '2ff675fd59bbed0db741743ea1e234bd') in 0.011 seconds [static and dynamic dependencies]. Details - ImportResultOutputID=5bb72341e8fa386f308c6c42a34a7f84 DependenciesID=a10dbe3cd86029583928ad23efda39f5 StaticDependenciesID=8726108ab436cadda4cabb32ee20e0d8 
Importing 'GUID: 8cb89165cd0a1fb9ef1bcaff3d9eeac0 - Path: Assets/AvionesPapelVR/Textures/PaperGreen.png' with importer (TextureImporter)
Imported 'GUID: 8cb89165cd0a1fb9ef1bcaff3d9eeac0' -> (Import Result ID: '87828b15fc213f2f50aec70ba4987d79') in 0.012 seconds [static and dynamic dependencies]. Details - ImportResultOutputID=d547b0cf6cf76480eae7107ef4c5cd5b DependenciesID=9863961a0499925eea7c720af38ef680 StaticDependenciesID=b7ab62d14b02b38abe22165e85518e87 
Importing 'GUID: fdfa271e03ec4819ea920307258249e6 - Path: Assets/AvionesPapelVR/Textures/PaperBlack.png' with importer (TextureImporter)
Imported 'GUID: fdfa271e03ec4819ea920307258249e6' -> (Import Result ID: '34e3c590a88a105f73d3d077cdb5201d') in 0.011 seconds [static and dynamic dependencies]. Details - ImportResultOutputID=02e5519e26ae1eb7ce53c5cba74c07dd DependenciesID=738aa13089e651e3c4bc85d8a14d083a StaticDependenciesID=a20c6552dee0fa3caabbb9d855c3cbfe 
Importing 'GUID: becca0d8f8b26770a5703e7332874e30 - Path: Assets/AvionesPapelVR/Textures/Grass.png' with importer (TextureImporter)
Imported 'GUID: becca0d8f8b26770a5703e7332874e30' -> (Import Result ID: '6efce05fb1a0948ed0f4b820bfd8864f') in 0.014 seconds [static and dynamic dependencies]. Details - ImportResultOutputID=43af09cef28369326a804d95dc3595b6 DependenciesID=2370211270762ef543d0492f0402e309 StaticDependenciesID=17a6e83ff4634e7308141ccd09d56ee1 
Importing 'GUID: eec52fce9768f735f4cf749f21817c96 - Path: Assets/AvionesPapelVR/Textures/PaperRed.png' with importer (TextureImporter)
Imported 'GUID: eec52fce9768f735f4cf749f21817c96' -> (Import Result ID: '3559ba7acb13234bc578fc60432c0361') in 0.013 seconds [static and dynamic dependencies]. Details - ImportResultOutputID=bb6d5e6b82c760bb1b98607c2539767f DependenciesID=ae5254d69887f42fd8ba6cb1a6e19862 StaticDependenciesID=bb7507e6ee6703adb4a4ddadd00d77d5 
Importing 'GUID: bffa2d017fe523c9d7b62ecfb6ad0a76 - Path: Assets/AvionesPapelVR/Textures/ChalkGreen.png' with importer (TextureImporter)
Imported 'GUID: bffa2d017fe523c9d7b62ecfb6ad0a76' -> (Import Result ID: '573259b9ef9f258743a4f7500b08773f') in 0.007 seconds [static and dynamic dependencies]. Details - ImportResultOutputID=84b6d3be64491776affd4892fcb2aa97 DependenciesID=77fc9a0b6fbfe4a6b8b4c1a7b4fd1ee7 StaticDependenciesID=53d2dcfb4e4cb08f989552e24824cae1 
Importing 'GUID: dfb4315f4f263342835fbf1522abd58c - Path: Assets/AvionesPapelVR/Textures/WoodTable.png' with importer (TextureImporter)
Imported 'GUID: dfb4315f4f263342835fbf1522abd58c' -> (Import Result ID: '71e9cc05c3ba9310edfaf6581c437413') in 0.013 seconds [static and dynamic dependencies]. Details - ImportResultOutputID=8a8e995316caf2209b4536eaa1ee1ca6 DependenciesID=4c18ceb184261612d22898588bf7be67 StaticDependenciesID=ea85b83a8d9ccc3123112cdef49f86aa 
Importing 'GUID: b016229db62360a94401c94f3e035b1c - Path: Assets/AvionesPapelVR/Models/Planes/DeltaRacer.obj' with importer (FBXImporter)
ImportFBX Warnings:
Can't import normals, because mesh 'default' doesn't have any.
Mesh 'default' has no normals. Recalculating normals.
Imported 'GUID: b016229db62360a94401c94f3e035b1c' -> (Import Result ID: 'aec958829cd6d6b4022c15c8ddd8fc1e') in 0.036 seconds [static and dynamic dependencies]. Details - ImportResultOutputID=613e842db76107c84c736df3e1f7aa21 DependenciesID=cd2f9964cf424643526f0f0c20559c2a StaticDependenciesID=aeec575755d18c66075e08ab2eb46f83 
Importing 'GUID: b02f1e41b5db7336a91735aa7b5769d7 - Path: Assets/AvionesPapelVR/Models/Props/Fountain.obj' with importer (FBXImporter)
ImportFBX Warnings:
Can't import normals, because mesh 'default' doesn't have any.
Mesh 'default' has no normals. Recalculating normals.
Imported 'GUID: b02f1e41b5db7336a91735aa7b5769d7' -> (Import Result ID: 'dfdd460402792a1717e9b78d0930e80a') in 0.013 seconds [static and dynamic dependencies]. Details - ImportResultOutputID=a6a82acb3e0ee351a58beafdd3b08f8d DependenciesID=a9bc284c637a0d4ee51d23cca59fc2d2 StaticDependenciesID=b4c1365d67e8293dd739730daaee15b6 
Importing 'GUID: f0ee5b5809d8caea3303815511bdd9bd - Path: Assets/AvionesPapelVR/Models/Props/MovingObstacle.obj' with importer (FBXImporter)
ImportFBX Warnings:
Can't import normals, because mesh 'default' doesn't have any.
Mesh 'default' has no normals. Recalculating normals.
Imported 'GUID: f0ee5b5809d8caea3303815511bdd9bd' -> (Import Result ID: '061bae2e761f8dc3362db3f7a8a5bec5') in 0.012 seconds [static and dynamic dependencies]. Details - ImportResultOutputID=5d6d93fdcfee10e290e4ff90828e5e1b DependenciesID=6df33065ce6b9cfa7daad68ce1f3d308 StaticDependenciesID=52c16b982779364db1f116bb76f1dc9d 
Importing 'GUID: e138146811f482d1d3a97e04053d3efa - Path: Assets/AvionesPapelVR/Models/Weapons/OrigamiShield.obj' with importer (FBXImporter)
ImportFBX Warnings:
Can't import normals, because mesh 'default' doesn't have any.
Mesh 'default' has no normals. Recalculating normals.
Imported 'GUID: e138146811f482d1d3a97e04053d3efa' -> (Import Result ID: 'f0e2f30bddf716aa7648d8d8a3b3ce4d') in 0.013 seconds [static and dynamic dependencies]. Details - ImportResultOutputID=ae9b7a3051abef4c88629f946e165652 DependenciesID=86f4a7ba862aa21f2c73b25244368df3 StaticDependenciesID=a61f789414fadd6e6d9584a03368060d 
Importing 'GUID: 121c16b78eeda692efecd896905b0429 - Path: Assets/AvionesPapelVR/Models/Collectibles/TurboOrb.obj' with importer (FBXImporter)
ImportFBX Warnings:
Can't import normals, because mesh 'default' doesn't have any.
Mesh 'default' has no normals. Recalculating normals.
Imported 'GUID: 121c16b78eeda692efecd896905b0429' -> (Import Result ID: '40de73ea1bea6ebf4d9652f7a03a6178') in 0.013 seconds [static and dynamic dependencies]. Details - ImportResultOutputID=af623480b4633f8cbc9bf36fd7087992 DependenciesID=00cb75ee875abb7eefb2e835f976a181 StaticDependenciesID=93cee89798de8f29c5bdb05f0eb0faa6 
Importing 'GUID: 4201f3d19a28b1d74d769dbf2563f5a8 - Path: Assets/AvionesPapelVR/Models/Weapons/FoldMissile.obj' with importer (FBXImporter)
ImportFBX Warnings:
Can't import normals, because mesh 'default' doesn't have any.
Mesh 'default' has no normals. Recalculating normals.
Imported 'GUID: 4201f3d19a28b1d74d769dbf2563f5a8' -> (Import Result ID: '56f3e08714f4c28e3fe40b1118f1182e') in 0.018 seconds [static and dynamic dependencies]. Details - ImportResultOutputID=47d997aaef7dc840379870aada5a6139 DependenciesID=6113ac527f7890f78c408c874943e0bd StaticDependenciesID=20456faa9b2c4dca1045715c7a064d2b 
Importing 'GUID: d29a5b13b471440f732ddad09b1af84a - Path: Assets/AvionesPapelVR/Models/Collectibles/PaperCoin.obj' with importer (FBXImporter)
ImportFBX Warnings:
Can't import normals, because mesh 'default' doesn't have any.
Mesh 'default' has no normals. Recalculating normals.
Imported 'GUID: d29a5b13b471440f732ddad09b1af84a' -> (Import Result ID: '55534d6cb0c2ba95c9ea4b884f82f47d') in 0.015 seconds [static and dynamic dependencies]. Details - ImportResultOutputID=e420f82008b6e8b1d57dcf13a727b6ed DependenciesID=3afc4faff78d25c5896663f6312be84f StaticDependenciesID=c212eccd8ed113b684551b08117e386a 
Importing 'GUID: f2c25a063422c141ab6d4e7ed65df87f - Path: Assets/AvionesPapelVR/Models/Planes/OrigamiPhoenix.obj' with importer (FBXImporter)
ImportFBX Warnings:
Can't import normals, because mesh 'default' doesn't have any.
Mesh 'default' has no normals. Recalculating normals.
Imported 'GUID: f2c25a063422c141ab6d4e7ed65df87f' -> (Import Result ID: '9947ef89b655c957224ce432ffcc5b6e') in 0.014 seconds [static and dynamic dependencies]. Details - ImportResultOutputID=906ee964ba46fdb836b43b838128f5c8 DependenciesID=93a288aa39841ce9995c7ceaaed0c2c2 StaticDependenciesID=fc91a6f4cab5a24a3d6434269c430448 
Importing 'GUID: c32ca8396187198038fd4c11c353edbd - Path: Assets/AvionesPapelVR/Models/Planes/ZigZag.obj' with importer (FBXImporter)
ImportFBX Warnings:
Can't import normals, because mesh 'default' doesn't have any.
Mesh 'default' has no normals. Recalculating normals.
Imported 'GUID: c32ca8396187198038fd4c11c353edbd' -> (Import Result ID: '2747d2548434aea8a6a4277d1d4cccfb') in 0.014 seconds [static and dynamic dependencies]. Details - ImportResultOutputID=b109cc157ede197b94f601bb52d03bff DependenciesID=a8bc8eae41cb3d0f6029936aa42896c4 StaticDependenciesID=7156512a2a7c93cc52495de0fcb83b7d 
Importing 'GUID: e349a937c6a69e79e906bc7c5f7230e2 - Path: Assets/AvionesPapelVR/Models/Planes/DartClassic.obj' with importer (FBXImporter)
ImportFBX Warnings:
Can't import normals, because mesh 'default' doesn't have any.
Mesh 'default' has no normals. Recalculating normals.
Imported 'GUID: e349a937c6a69e79e906bc7c5f7230e2' -> (Import Result ID: '04fc41dfe7d73c336cf822155620d0e2') in 0.013 seconds [static and dynamic dependencies]. Details - ImportResultOutputID=85ad2e3fa847e00f7c17b6f28466043d DependenciesID=44a4adb408cfdaf7ae7a606453367787 StaticDependenciesID=c9942ea770821486620a6dcaf340b841 
Importing 'GUID: 14f9cced26ddb05feec8b76a0859dca4 - Path: Assets/AvionesPapelVR/Models/Enemies/WindFan.obj' with importer (FBXImporter)
ImportFBX Warnings:
Can't import normals, because mesh 'default' doesn't have any.
Mesh 'default' has no normals. Recalculating normals.
Imported 'GUID: 14f9cced26ddb05feec8b76a0859dca4' -> (Import Result ID: 'e60b7d0a78ef9648e1f166e6973a3ea3') in 0.013 seconds [static and dynamic dependencies]. Details - ImportResultOutputID=efb1ef05517424c068ce3e0b0c51b201 DependenciesID=52e2349d6e9d25dd22f08790e2b35582 StaticDependenciesID=15d3beb9c8318bf753cc5bc902fedc2f 
Importing 'GUID: 354192373b6b3bb14cbb674d7fffd3c9 - Path: Assets/AvionesPapelVR/Models/Props/MiniBuilding.obj' with importer (FBXImporter)
ImportFBX Warnings:
Can't import normals, because mesh 'default' doesn't have any.
Mesh 'default' has no normals. Recalculating normals.
Imported 'GUID: 354192373b6b3bb14cbb674d7fffd3c9' -> (Import Result ID: 'd570b3fcba77c846d7557ab9d9416f60') in 0.013 seconds [static and dynamic dependencies]. Details - ImportResultOutputID=b0032b0cabf8e6347467424b1161d6dc DependenciesID=8e8598c7062356fe289d49979f6372d5 StaticDependenciesID=937ad4b112e0b9c67ff03495829d058e 
Importing 'GUID: 95970a87992d179ce37a6d4039f9b94e - Path: Assets/AvionesPapelVR/Models/Props/WoodTable.obj' with importer (FBXImporter)
ImportFBX Warnings:
Can't import normals, because mesh 'default' doesn't have any.
Mesh 'default' has no normals. Recalculating normals.
Imported 'GUID: 95970a87992d179ce37a6d4039f9b94e' -> (Import Result ID: '820ee7916cc316f163f197a5be31d717') in 0.016 seconds [static and dynamic dependencies]. Details - ImportResultOutputID=183bba2e463d23fa43aea38d6be38e26 DependenciesID=e521ea4cf8413cbb16318a1b0904f50b StaticDependenciesID=16509d5b8bc4daba4e87ff557279ded5 
Importing 'GUID: 95bdeb091a6f5a1c149d955949d5944c - Path: Assets/AvionesPapelVR/Models/Planes/NightHawk.obj' with importer (FBXImporter)
ImportFBX Warnings:
Can't import normals, because mesh 'default' doesn't have any.
Mesh 'default' has no normals. Recalculating normals.
Imported 'GUID: 95bdeb091a6f5a1c149d955949d5944c' -> (Import Result ID: '9e5ef61b73523eea3325c52ea7c653c2') in 0.013 seconds [static and dynamic dependencies]. Details - ImportResultOutputID=37f018c2fcd954be20e82a61371ca1cd DependenciesID=13b7cb82750f8728963ebfa6e5ea98de StaticDependenciesID=c34c45b41f3796bf80bbc962eb79ce37 
Importing 'GUID: a5a192251ff9cd187b42bc8399aa994c - Path: Assets/AvionesPapelVR/Models/Enemies/HostileDrone.obj' with importer (FBXImporter)
ImportFBX Warnings:
Can't import normals, because mesh 'default' doesn't have any.
Mesh 'default' has no normals. Recalculating normals.
Imported 'GUID: a5a192251ff9cd187b42bc8399aa994c' -> (Import Result ID: 'a0588a60bdf667ad18a0fb0db0cee7c1') in 0.017 seconds [static and dynamic dependencies]. Details - ImportResultOutputID=db9a3d6e7b0cbb24611ce5695812866b DependenciesID=bd848223eea710f10c3e3e1dc360268b StaticDependenciesID=607d2e200c58e3ccdad6a56c69e2beb8 
Importing 'GUID: 060bb9998a84f6c137c456a60ddee475 - Path: Assets/AvionesPapelVR/Models/Planes/PaperFalcon.obj' with importer (FBXImporter)
ImportFBX Warnings:
Can't import normals, because mesh 'default' doesn't have any.
Mesh 'default' has no normals. Recalculating normals.
Imported 'GUID: 060bb9998a84f6c137c456a60ddee475' -> (Import Result ID: '973bb386f4d600d7744d9b4ce44afeda') in 0.013 seconds [static and dynamic dependencies]. Details - ImportResultOutputID=0f1282cf1c4113e9016d537cbea5796d DependenciesID=11377f7ea5e42404758599f2080d5b7d StaticDependenciesID=2ac1f3191229c3e9835d459bf2e1d715 
Importing 'GUID: 56612f64f297463ba76c3aa1d02bfc89 - Path: Assets/AvionesPapelVR/Models/Planes/GliderLong.obj' with importer (FBXImporter)
ImportFBX Warnings:
Can't import normals, because mesh 'default' doesn't have any.
Mesh 'default' has no normals. Recalculating normals.
Imported 'GUID: 56612f64f297463ba76c3aa1d02bfc89' -> (Import Result ID: 'a773be8c45ba022ee5109a4efd31c768') in 0.013 seconds [static and dynamic dependencies]. Details - ImportResultOutputID=8d47d2a3452dc5accc1406b317bfc125 DependenciesID=14d3526a52b2cbe63bdc724d85c12607 StaticDependenciesID=40da975287a00fc1da142c36b8dd0c05 
Importing 'GUID: b62d41d12bcf88d5e48e4b5739d9357c - Path: Assets/AvionesPapelVR/Models/Collectibles/PlanePart.obj' with importer (FBXImporter)
ImportFBX Warnings:
Can't import normals, because mesh 'default' doesn't have any.
Mesh 'default' has no normals. Recalculating normals.
Imported 'GUID: b62d41d12bcf88d5e48e4b5739d9357c' -> (Import Result ID: '08218d2cb2068649f8ade2267540b89c') in 0.014 seconds [static and dynamic dependencies]. Details - ImportResultOutputID=787dd4272c30f78390724fd179ba2370 DependenciesID=d4901556cd00df6fe11ee8bde884cdec StaticDependenciesID=f7cf40597389b4d53cc3c16eb7c97f0a 
Importing 'GUID: c66fd90627a39c5754565278468869bc - Path: Assets/AvionesPapelVR/Models/Weapons/InkBomb.obj' with importer (FBXImporter)
ImportFBX Warnings:
Can't import normals, because mesh 'default' doesn't have any.
Mesh 'default' has no normals. Recalculating normals.
Imported 'GUID: c66fd90627a39c5754565278468869bc' -> (Import Result ID: '38dd8cd394ea315f31abcdd8080d6452') in 0.013 seconds [static and dynamic dependencies]. Details - ImportResultOutputID=208eb95b5c104cdb3f9525ba65279101 DependenciesID=178edf9d63b2657720a1ee92cffa92e5 StaticDependenciesID=a339afbfddc609be9009ce34b203d993 
Importing 'GUID: 173b2d194d94286ce18df1d1e66ee9fd - Path: Assets/AvionesPapelVR/Models/Props/ParkBench.obj' with importer (FBXImporter)
ImportFBX Warnings:
Can't import normals, because mesh 'default' doesn't have any.
Mesh 'default' has no normals. Recalculating normals.
Imported 'GUID: 173b2d194d94286ce18df1d1e66ee9fd' -> (Import Result ID: 'afcc8c8a5233d2eaa97c19d813570fd5') in 0.013 seconds [static and dynamic dependencies]. Details - ImportResultOutputID=f89dd00f01f2a1e0f721421f1924624e DependenciesID=5c24c7a88e4743b9250c9109581815e8 StaticDependenciesID=bb67ac45971720fe0e68dc22277cd149 
Importing 'GUID: f7aaa561e2819ce0ec962d8f14913fc6 - Path: Assets/AvionesPapelVR/Models/Collectibles/TripleShotOrb.obj' with importer (FBXImporter)
ImportFBX Warnings:
Can't import normals, because mesh 'default' doesn't have any.
Mesh 'default' has no normals. Recalculating normals.
Imported 'GUID: f7aaa561e2819ce0ec962d8f14913fc6' -> (Import Result ID: '0ab0360b3fe575bd000f258675046cb6') in 0.017 seconds [static and dynamic dependencies]. Details - ImportResultOutputID=b4ca40454851cedd74cd2a69595216d8 DependenciesID=17b6130f1798040afc77fd05c4198dab StaticDependenciesID=5cd405acedffe03a22ebe4c196ea920f 
Importing 'GUID: d88e90c06f9e3aa4b4e94a40d97f2f32 - Path: Assets/AvionesPapelVR/Models/Collectibles/ShieldOrb.obj' with importer (FBXImporter)
ImportFBX Warnings:
Can't import normals, because mesh 'default' doesn't have any.
Mesh 'default' has no normals. Recalculating normals.
Imported 'GUID: d88e90c06f9e3aa4b4e94a40d97f2f32' -> (Import Result ID: '34df67652b2654bb63f71d2dc515c24f') in 0.013 seconds [static and dynamic dependencies]. Details - ImportResultOutputID=f74d24f08fde9a7abb9085a9fdea5ab9 DependenciesID=8ff71885dad69bfd2ac92aeb630160ef StaticDependenciesID=71b550f6f814ffe0eda3d65b6d5b99a2 
Importing 'GUID: 4912be8c03665845b43f48b910ca0167 - Path: Assets/AvionesPapelVR/Models/Props/StaticObstacle.obj' with importer (FBXImporter)
ImportFBX Warnings:
Can't import normals, because mesh 'default' doesn't have any.
Mesh 'default' has no normals. Recalculating normals.
Imported 'GUID: 4912be8c03665845b43f48b910ca0167' -> (Import Result ID: 'c4d94d85d311c3fcd67b4532ec0c5ed6') in 0.013 seconds [static and dynamic dependencies]. Details - ImportResultOutputID=e18f6f395223ba1640082b09962658fc DependenciesID=b00f862f2817f71610176ec3797174e7 StaticDependenciesID=d8bb9e28071156c311c0100ca869b399 
Importing 'GUID: 691ffa6f52444932f784202e2e78d341 - Path: Assets/AvionesPapelVR/Models/Planes/CloudSkimmer.obj' with importer (FBXImporter)
ImportFBX Warnings:
Can't import normals, because mesh 'default' doesn't have any.
Mesh 'default' has no normals. Recalculating normals.
Imported 'GUID: 691ffa6f52444932f784202e2e78d341' -> (Import Result ID: '23740da1516f5bef517d381dfccbf2cf') in 0.014 seconds [static and dynamic dependencies]. Details - ImportResultOutputID=e041a698eed00fd5ebf950ce61194af5 DependenciesID=59220430c4331441a4fd559789ea268c StaticDependenciesID=fc8989f5e0f4f34de4b0e552df68732c 
Importing 'GUID: 0af2a57d358beee8d04eaddfd60a8c4e - Path: Assets/AvionesPapelVR/Models/Environments/WallTile.obj' with importer (FBXImporter)
ImportFBX Warnings:
Can't import normals, because mesh 'default' doesn't have any.
Mesh 'default' has no normals. Recalculating normals.
Imported 'GUID: 0af2a57d358beee8d04eaddfd60a8c4e' -> (Import Result ID: '70430e7e213b6e7ab613433b568e6636') in 0.015 seconds [static and dynamic dependencies]. Details - ImportResultOutputID=fd9032bb002a31f7baed86ade9437723 DependenciesID=3e8c8d3dde379d2f4c78e732dfe37868 StaticDependenciesID=63a73cc28a24678d1798b864b053417b 
Importing 'GUID: 0b1739149798bcb7a3765782e5d85676 - Path: Assets/AvionesPapelVR/Models/Planes/ArrowSwift.obj' with importer (FBXImporter)
ImportFBX Warnings:
Can't import normals, because mesh 'default' doesn't have any.
Mesh 'default' has no normals. Recalculating normals.
Imported 'GUID: 0b1739149798bcb7a3765782e5d85676' -> (Import Result ID: 'f4fc23d45b4a4e39741fd989ccd1b835') in 0.013 seconds [static and dynamic dependencies]. Details - ImportResultOutputID=81a7f63bb6d63e390f6acb6f8d48301e DependenciesID=00302e66bf3d7d35a564c8e80022f066 StaticDependenciesID=e96a4cd89d3cc2ba8d7aad29cfaf446a 
Importing 'GUID: 2bd0c5eb769614fcee58a45f09036221 - Path: Assets/AvionesPapelVR/Models/Weapons/PaperBullet.obj' with importer (FBXImporter)
ImportFBX Warnings:
Can't import normals, because mesh 'default' doesn't have any.
Mesh 'default' has no normals. Recalculating normals.
Imported 'GUID: 2bd0c5eb769614fcee58a45f09036221' -> (Import Result ID: 'cf098a79e940dc9e0c85e3e2a1f87177') in 0.015 seconds [static and dynamic dependencies]. Details - ImportResultOutputID=2b0cb6aa5708f74cff2b7c99a29c7568 DependenciesID=b09ce872c92e33e60388ff8a6d9b38a5 StaticDependenciesID=6867c06fa481f73f39c95f35f3fa92fe 
Importing 'GUID: 7bb16ce3c6709d11f32fa37945cfa75c - Path: Assets/AvionesPapelVR/Models/Environments/FloorTile.obj' with importer (FBXImporter)
ImportFBX Warnings:
Can't import normals, because mesh 'default' doesn't have any.
Mesh 'default' has no normals. Recalculating normals.
Imported 'GUID: 7bb16ce3c6709d11f32fa37945cfa75c' -> (Import Result ID: '360aa187aedfeb3c572c83cdffc11479') in 0.013 seconds [static and dynamic dependencies]. Details - ImportResultOutputID=788390ce35e9222087c24f566fd3a847 DependenciesID=c70bcf90d77a8dfe68af69930c41dfd6 StaticDependenciesID=193d9270afbdec74612495371233c951 
Importing 'GUID: eb6ce6c8417ac507c8f2bde68a1182c0 - Path: Assets/AvionesPapelVR/Models/Props/ParkTree.obj' with importer (FBXImporter)
ImportFBX Warnings:
Can't import normals, because mesh 'default' doesn't have any.
Mesh 'default' has no normals. Recalculating normals.
Imported 'GUID: eb6ce6c8417ac507c8f2bde68a1182c0' -> (Import Result ID: '8f1999431440c3a8dbc0a765abda25ad') in 0.016 seconds [static and dynamic dependencies]. Details - ImportResultOutputID=ea1a88ca784e00583ac2c2b8a82260c1 DependenciesID=a471c4595f72d3c14cca660f91e4be4e StaticDependenciesID=c11c1376a30f2a8b4c8d6ef99d8bb8e7 
Importing 'GUID: 2d4dd5d4d2fff544f7f5c3973cf5d209 - Path: Assets/AvionesPapelVR/Models/Planes/HeavyBomber.obj' with importer (FBXImporter)
ImportFBX Warnings:
Can't import normals, because mesh 'default' doesn't have any.
Mesh 'default' has no normals. Recalculating normals.
Imported 'GUID: 2d4dd5d4d2fff544f7f5c3973cf5d209' -> (Import Result ID: '935cd1d55ca470527fc63dcc28f2e478') in 0.014 seconds [static and dynamic dependencies]. Details - ImportResultOutputID=4f2992838330f785ad57503330bb2220 DependenciesID=478fbe2c17a9fe73882b45f1a73d3dd4 StaticDependenciesID=01384683d8ae80328135ec68d50c8fca 
Importing 'GUID: 4dacc80b9d211a5ea51cb413dbed15a1 - Path: Assets/AvionesPapelVR/Models/Planes/CanardAce.obj' with importer (FBXImporter)
ImportFBX Warnings:
Can't import normals, because mesh 'default' doesn't have any.
Mesh 'default' has no normals. Recalculating normals.
Imported 'GUID: 4dacc80b9d211a5ea51cb413dbed15a1' -> (Import Result ID: '267ad27cd8fb14adcd18192a004350f2') in 0.017 seconds [static and dynamic dependencies]. Details - ImportResultOutputID=d448ee3215ba24bb6ffaaecd9c2dadb6 DependenciesID=b85d57bcc2aea8aa435b2077ecf45c99 StaticDependenciesID=d607dd22587b539d0bbc81659e607409 
Importing 'GUID: 8e0c15a07df0549abf706ed304c78cd1 - Path: Assets/AvionesPapelVR/Models/Props/SchoolDesk.obj' with importer (FBXImporter)
ImportFBX Warnings:
Can't import normals, because mesh 'default' doesn't have any.
Mesh 'default' has no normals. Recalculating normals.
Imported 'GUID: 8e0c15a07df0549abf706ed304c78cd1' -> (Import Result ID: '07978535f54dcd15cab9701a525e2162') in 0.014 seconds [static and dynamic dependencies]. Details - ImportResultOutputID=22527568773bd7330f2b975a95d36ffd DependenciesID=29254aadbff152772941f1ae8035b82b StaticDependenciesID=eb3380f27f8fb6a8f772471d3ce1e463 
Importing 'GUID: 9e9a64824a5ddb6161e5a29d440d7f96 - Path: Assets/AvionesPapelVR/Models/Planes/StormCutter.obj' with importer (FBXImporter)
ImportFBX Warnings:
Can't import normals, because mesh 'default' doesn't have any.
Mesh 'default' has no normals. Recalculating normals.
Imported 'GUID: 9e9a64824a5ddb6161e5a29d440d7f96' -> (Import Result ID: '1dea60f4c5f3d8b888548c9e05c60856') in 0.016 seconds [static and dynamic dependencies]. Details - ImportResultOutputID=bbe4828a277dfa7f2ed159e2ef7bf089 DependenciesID=b7bf963fd71bb817bf7ce94c2600eebb StaticDependenciesID=069ccfa4b9b2b2303a09288bc546fc9d 
Importing 'GUID: decedd324fde3005bbe0ce29293d7e07 - Path: Assets/AvionesPapelVR/Models/Props/Chalkboard.obj' with importer (FBXImporter)
ImportFBX Warnings:
Can't import normals, because mesh 'default' doesn't have any.
Mesh 'default' has no normals. Recalculating normals.
Imported 'GUID: decedd324fde3005bbe0ce29293d7e07' -> (Import Result ID: '5a1b6a39cc3f5aa2c200cd0a91da2bf7') in 0.015 seconds [static and dynamic dependencies]. Details - ImportResultOutputID=0cca9c7db974f9e2c80eb8febe075f1a DependenciesID=b1a819a5afff3b859951bdef7f1d6a5f StaticDependenciesID=00dcd12cb0962d1a847da8e059f688d6 
Importing 'GUID: fed2f886cb77787fbaf2e4355b9a958f - Path: Assets/AvionesPapelVR/Models/Props/MagicCrystal.obj' with importer (FBXImporter)
ImportFBX Warnings:
Can't import normals, because mesh 'default' doesn't have any.
Mesh 'default' has no normals. Recalculating normals.
Imported 'GUID: fed2f886cb77787fbaf2e4355b9a958f' -> (Import Result ID: 'a414d0bb2397e88cd5de6a58591fbbff') in 0.014 seconds [static and dynamic dependencies]. Details - ImportResultOutputID=d871de4c7a83ca810eeae65d0240e02b DependenciesID=ebc77b0bba6e2f067fb37b0f46a55fbd StaticDependenciesID=abe393ee72eca11959e8086d5f098ee2 
Importing 'GUID: 7ff5917ed5d41e8b4bd5035d3a8825d0 - Path: Assets/AvionesPapelVR/Models/Enemies/MechBird.obj' with importer (FBXImporter)
ImportFBX Warnings:
Can't import normals, because mesh 'default' doesn't have any.
Mesh 'default' has no normals. Recalculating normals.
Imported 'GUID: 7ff5917ed5d41e8b4bd5035d3a8825d0' -> (Import Result ID: 'a736f35f8042a7f13ead653b84e55cbf') in 0.015 seconds [static and dynamic dependencies]. Details - ImportResultOutputID=fbb9fc60458e300bf875accbeb58dac1 DependenciesID=9d979827112c4baa428bef6f043464d4 StaticDependenciesID=1a9ff005be2ce8eb15d595e307451041 
Importing 'GUID: bf277a13e50eea908848f9c68be9c5ab - Path: Assets/AvionesPapelVR/Models/Collectibles/StarCollectible.obj' with importer (FBXImporter)
ImportFBX Warnings:
Can't import normals, because mesh 'default' doesn't have any.
Mesh 'default' has no normals. Recalculating normals.
Imported 'GUID: bf277a13e50eea908848f9c68be9c5ab' -> (Import Result ID: 'bec20b33f05b332275be234793eaea68') in 0.014 seconds [static and dynamic dependencies]. Details - ImportResultOutputID=d13740210d53151835f0b01b2ab2f3f3 DependenciesID=8133fb8772d31676654025afbcc8fe6e StaticDependenciesID=b0b6a56108d287bd38ab414062f99a3b 
Importing 'GUID: 3dd11dcd12272e54f8a19d8224e35f53 - Path: Assets/XR/Settings/OpenXRPackageSettings.asset' with importer (NativeFormatImporter)
Imported 'GUID: 3dd11dcd12272e54f8a19d8224e35f53' -> (Import Result ID: '94b724b795ec9b821d84193704045894') in 0.002 seconds [static dependencies only]. Details - ImportResultOutputID=83d0050a94fda69511d1a037bcd7169b DependenciesID=12c47144b309c0e894193d2f17866d2d StaticDependenciesID=f0b3dbeac1eaee8cfb6919eaed10631f 
Importing 'GUID: 1142bbad8b9e8c44c83a9775ff120d37 - Path: Packages/com.unity.render-pipelines.core/Tests/Editor/UnifiedRayTracing/TraceRays.urtshader' with importer (ScriptedImporter : Unity.Rendering.LightTransport.Editor:UnityEditor.Rendering.UnifiedRayTracing:UnifiedRTShaderImporter)
Launched and connected shader compiler UnityShaderCompiler.exe after 0.02 seconds

Compiling Ray Tracing Shader "TraceRays.urtshader", keywords = <no keywords>
    finished in 0.01 seconds. Local cache hits 1, remote cache hits 0, compiled 0 platform variants
Imported 'GUID: 1142bbad8b9e8c44c83a9775ff120d37' -> (Import Result ID: '0b96c3b86570567784a79fb6fcee341b') in 0.055 seconds [static and dynamic dependencies]. Details - ImportResultOutputID=dd8ac7dc757973ce66df0f8192beeedc DependenciesID=4ae0f085da221ce6a5184d4f2ee33472 StaticDependenciesID=b590610e5fcd8a708a4f2de850e8beb3 
Importing 'GUID: d19f4f8a13b6edb48b986a47ec96402e - Path: Packages/com.unity.render-pipelines.core/Runtime/PathTracing/Shaders/LightmapShadowMaskIntegration.urtshader' with importer (ScriptedImporter : Unity.Rendering.LightTransport.Editor:UnityEditor.Rendering.UnifiedRayTracing:UnifiedRTShaderImporter)

Compiling Ray Tracing Shader "LightmapShadowMaskIntegration.urtshader", keywords = <no keywords>
    finished in 0.00 seconds. Local cache hits 1, remote cache hits 0, compiled 0 platform variants
Imported 'GUID: d19f4f8a13b6edb48b986a47ec96402e' -> (Import Result ID: 'd71c48d21287770271d638be4d1b79eb') in 0.033 seconds [static and dynamic dependencies]. Details - ImportResultOutputID=499fc64076f1f590df971ff5e4fbd1c5 DependenciesID=1d1d0f83694069e2548d7e9668a5855d StaticDependenciesID=49e323bdcc1546638b13bdfb4cfc68f8 
Importing 'GUID: 737a1597422c12547a8714d76a9406ec - Path: Packages/com.unity.render-pipelines.core/Runtime/PathTracing/Shaders/LightmapGBufferDebug.urtshader' with importer (ScriptedImporter : Unity.Rendering.LightTransport.Editor:UnityEditor.Rendering.UnifiedRayTracing:UnifiedRTShaderImporter)

Compiling Ray Tracing Shader "LightmapGBufferDebug.urtshader", keywords = <no keywords>
    finished in 0.00 seconds. Local cache hits 1, remote cache hits 0, compiled 0 platform variants
Imported 'GUID: 737a1597422c12547a8714d76a9406ec' -> (Import Result ID: 'ba4388b73073e0d464deb6d5b922736d') in 0.019 seconds [static and dynamic dependencies]. Details - ImportResultOutputID=16f68e3e486cb0a6d621a68709f3d760 DependenciesID=dbeaad5f1c081e52bcff7361eb5c7f5c StaticDependenciesID=3f20227e84078b6c645405c46cb8ba27 
Importing 'GUID: f32463968f29423cad25aee15a14b9f1 - Path: Packages/com.unity.render-pipelines.core/Runtime/Lighting/SurfaceCache/PunctualLightSampling.urtshader' with importer (ScriptedImporter : Unity.Rendering.LightTransport.Editor:UnityEditor.Rendering.UnifiedRayTracing:UnifiedRTShaderImporter)

Compiling Ray Tracing Shader "PunctualLightSampling.urtshader", keywords = <no keywords>
    finished in 0.00 seconds. Local cache hits 1, remote cache hits 0, compiled 0 platform variants
Imported 'GUID: f32463968f29423cad25aee15a14b9f1' -> (Import Result ID: '73fb2c263737ca8a99cc0268229fafce') in 0.034 seconds [static and dynamic dependencies]. Details - ImportResultOutputID=28f8d88b951aa9c78cab18343c534c09 DependenciesID=beba7bd3f262ea98d40225cb716e3e51 StaticDependenciesID=4f869afac6e91401aa4f6406345ebaa4 
Importing 'GUID: 1451d029813b192429211be28181beab - Path: Packages/com.unity.render-pipelines.core/Runtime/PathTracing/Shaders/LightmapNormalIntegration.urtshader' with importer (ScriptedImporter : Unity.Rendering.LightTransport.Editor:UnityEditor.Rendering.UnifiedRayTracing:UnifiedRTShaderImporter)

Compiling Ray Tracing Shader "LightmapNormalIntegration.urtshader", keywords = <no keywords>
    finished in 0.00 seconds. Local cache hits 1, remote cache hits 0, compiled 0 platform variants
Imported 'GUID: 1451d029813b192429211be28181beab' -> (Import Result ID: '5966dc95a50e6c5b7ea358005013e8c0') in 0.035 seconds [static and dynamic dependencies]. Details - ImportResultOutputID=f83e0b874436be7c3e309a20b0d1ecfa DependenciesID=7dbc60e237721464220df70dda8027a2 StaticDependenciesID=626f7de18fff1a2955b8662085b4dbf4 
Importing 'GUID: 94a070d33e408384bafc1dea4a565df9 - Path: Packages/com.unity.render-pipelines.core/Editor/Lighting/ProbeVolume/RenderingLayerMask/TraceRenderingLayerMask.urtshader' with importer (ScriptedImporter : Unity.Rendering.LightTransport.Editor:UnityEditor.Rendering.UnifiedRayTracing:UnifiedRTShaderImporter)

Compiling Ray Tracing Shader "TraceRenderingLayerMask.urtshader", keywords = <no keywords>
    finished in 0.00 seconds. Local cache hits 1, remote cache hits 0, compiled 0 platform variants
Imported 'GUID: 94a070d33e408384bafc1dea4a565df9' -> (Import Result ID: 'f831cd30129018644ebd4f051e7dd522') in 0.017 seconds [static and dynamic dependencies]. Details - ImportResultOutputID=6872af197717ae627f5e54d73b15a29e DependenciesID=f18776aa5f44dca240ea1831c855c695 StaticDependenciesID=1fb66491edd8b32229e5d2cbc061e2c6 
Importing 'GUID: 94a39d12848d8d64ca962a72b74e7c50 - Path: Packages/com.unity.render-pipelines.core/Runtime/Lighting/SurfaceCache/Estimation.urtshader' with importer (ScriptedImporter : Unity.Rendering.LightTransport.Editor:UnityEditor.Rendering.UnifiedRayTracing:UnifiedRTShaderImporter)

Compiling Ray Tracing Shader "Estimation.urtshader", keywords = <no keywords>
    finished in 0.00 seconds. Local cache hits 1, remote cache hits 0, compiled 0 platform variants
Imported 'GUID: 94a39d12848d8d64ca962a72b74e7c50' -> (Import Result ID: '6ce460b75e49beb4a9e86760dc1ab8cc') in 0.023 seconds [static and dynamic dependencies]. Details - ImportResultOutputID=1b0eb138d1e1b0e28d1dc38e6c2ee3c2 DependenciesID=89b03a7458c4c0f4eb4f03099f2cb9b9 StaticDependenciesID=8d6e14e20b029a55e979a2936b1a7ca7 
Importing 'GUID: 6513c3b892e933c4f8d00c19d5c47532 - Path: Packages/com.unity.render-pipelines.core/Tests/Editor/UnifiedRayTracing/TraceTransparentRays.urtshader' with importer (ScriptedImporter : Unity.Rendering.LightTransport.Editor:UnityEditor.Rendering.UnifiedRayTracing:UnifiedRTShaderImporter)

Compiling Ray Tracing Shader "TraceTransparentRays.urtshader", keywords = <no keywords>
    finished in 0.00 seconds. Local cache hits 1, remote cache hits 0, compiled 0 platform variants
Imported 'GUID: 6513c3b892e933c4f8d00c19d5c47532' -> (Import Result ID: 'b67a1ed01236db3f1f310217d354c135') in 0.009 seconds [static and dynamic dependencies]. Details - ImportResultOutputID=059128fa4c67d89d87bfe4d554ad391b DependenciesID=8cbc5b68d697f6fa5d69f4e1a84826d9 StaticDependenciesID=1d53447eb896b42061753339acb6425c 
Importing 'GUID: 7624adbeb148b5c48ab5ab660cc2602a - Path: Packages/com.unity.render-pipelines.core/Runtime/PathTracing/Shaders/LightmapIndirectIntegration.urtshader' with importer (ScriptedImporter : Unity.Rendering.LightTransport.Editor:UnityEditor.Rendering.UnifiedRayTracing:UnifiedRTShaderImporter)

Compiling Ray Tracing Shader "LightmapIndirectIntegration.urtshader", keywords = <no keywords>
    finished in 0.00 seconds. Local cache hits 1, remote cache hits 0, compiled 0 platform variants
Imported 'GUID: 7624adbeb148b5c48ab5ab660cc2602a' -> (Import Result ID: 'f1174f095413a9df5038e9a4a7f20aba') in 0.024 seconds [static and dynamic dependencies]. Details - ImportResultOutputID=651f333fdaed0e40587f8aa4cea5a3ad DependenciesID=881f11b2ee5b0c6fd3ca2f3c581da500 StaticDependenciesID=dfa7396d5ca1cf2ef064ee30a15c28cb 
Importing 'GUID: e9f4de6d1e07fb94f9a60d35b618f724 - Path: Packages/com.unity.render-pipelines.core/Runtime/PathTracing/Shaders/LightmapGBufferIntegration.urtshader' with importer (ScriptedImporter : Unity.Rendering.LightTransport.Editor:UnityEditor.Rendering.UnifiedRayTracing:UnifiedRTShaderImporter)

Compiling Ray Tracing Shader "LightmapGBufferIntegration.urtshader", keywords = <no keywords>
    finished in 0.00 seconds. Local cache hits 1, remote cache hits 0, compiled 0 platform variants
Imported 'GUID: e9f4de6d1e07fb94f9a60d35b618f724' -> (Import Result ID: '3ea23a5af053f155c34a42586bb5fb35') in 0.014 seconds [static and dynamic dependencies]. Details - ImportResultOutputID=a7f5bdb587796a71d8ca128a644b358f DependenciesID=0d867bb82aaa8b4306e7bb29b7765e7e StaticDependenciesID=c1c19c6613f9208e5bdf4763e0c6f025 
Importing 'GUID: 5a2a534753fbdb44e96c3c78b5a6999d - Path: Packages/com.unity.render-pipelines.core/Editor/Lighting/ProbeVolume/DynamicGI/DynamicGISkyOcclusion.urtshader' with importer (ScriptedImporter : Unity.Rendering.LightTransport.Editor:UnityEditor.Rendering.UnifiedRayTracing:UnifiedRTShaderImporter)

Compiling Ray Tracing Shader "DynamicGISkyOcclusion.urtshader", keywords = <no keywords>
    finished in 0.00 seconds. Local cache hits 1, remote cache hits 0, compiled 0 platform variants
Imported 'GUID: 5a2a534753fbdb44e96c3c78b5a6999d' -> (Import Result ID: 'c70dba5f5cf4bd90d90504e7acfee288') in 0.022 seconds [static and dynamic dependencies]. Details - ImportResultOutputID=1cf97bfff22f517865c2e82dc6d8c4c7 DependenciesID=029414c2cd9908223f641f23b43213b5 StaticDependenciesID=9a3cb12acb0dec6d8b8b546f6957ac54 
Importing 'GUID: 5bbebdef5916845478fcef13fa10d89f - Path: Packages/com.unity.render-pipelines.core/Runtime/PathTracing/Shaders/LightmapDirectIntegration.urtshader' with importer (ScriptedImporter : Unity.Rendering.LightTransport.Editor:UnityEditor.Rendering.UnifiedRayTracing:UnifiedRTShaderImporter)

Compiling Ray Tracing Shader "LightmapDirectIntegration.urtshader", keywords = <no keywords>
    finished in 0.00 seconds. Local cache hits 1, remote cache hits 0, compiled 0 platform variants
Imported 'GUID: 5bbebdef5916845478fcef13fa10d89f' -> (Import Result ID: 'e9d1f2ffb674ffcfde85bdaf0b128372') in 0.018 seconds [static and dynamic dependencies]. Details - ImportResultOutputID=2b6674bbee23d83bde2dba5e821f786b DependenciesID=52075b7fccb9a82ec2922fdf7488c6af StaticDependenciesID=ab8dfb6112dd9c39408de08a801f1c40 
Importing 'GUID: fbc59f55df2416344b008dc23753cae2 - Path: Packages/com.unity.render-pipelines.core/Tests/Editor/UnifiedRayTracing/TraceRaysAndFetchAttributes.urtshader' with importer (ScriptedImporter : Unity.Rendering.LightTransport.Editor:UnityEditor.Rendering.UnifiedRayTracing:UnifiedRTShaderImporter)

Compiling Ray Tracing Shader "TraceRaysAndFetchAttributes.urtshader", keywords = <no keywords>
    finished in 0.00 seconds. Local cache hits 1, remote cache hits 0, compiled 0 platform variants
Imported 'GUID: fbc59f55df2416344b008dc23753cae2' -> (Import Result ID: '9947802832171d8d8276382968898cbd') in 0.009 seconds [static and dynamic dependencies]. Details - ImportResultOutputID=22c22f4b614e9358e9dd846829db8146 DependenciesID=6f827ff9d33f330f68d3d4fca6934fab StaticDependenciesID=bb4038394feca1bf80603c9ecafaf941 
Importing 'GUID: 1c410815c01ce1d4d82c645c0cd45747 - Path: Packages/com.unity.render-pipelines.core/Runtime/PathTracing/Shaders/LightmapAOIntegration.urtshader' with importer (ScriptedImporter : Unity.Rendering.LightTransport.Editor:UnityEditor.Rendering.UnifiedRayTracing:UnifiedRTShaderImporter)

Compiling Ray Tracing Shader "LightmapAOIntegration.urtshader", keywords = <no keywords>
    finished in 0.00 seconds. Local cache hits 1, remote cache hits 0, compiled 0 platform variants
Imported 'GUID: 1c410815c01ce1d4d82c645c0cd45747' -> (Import Result ID: '21f6af03da53b54c36f98efbc23bffd8') in 0.018 seconds [static and dynamic dependencies]. Details - ImportResultOutputID=a9f2363aac9c0df7d7bb3de151fef5d1 DependenciesID=b5531176883cc3436c2c988191685a0b StaticDependenciesID=2a6f0b41367922b80676f60713a1f940 
Importing 'GUID: 2c32233d92a2d0745930664c087c5c9a - Path: Packages/com.unity.render-pipelines.core/Runtime/PathTracing/Shaders/ProbeIntegrationValidity.urtshader' with importer (ScriptedImporter : Unity.Rendering.LightTransport.Editor:UnityEditor.Rendering.UnifiedRayTracing:UnifiedRTShaderImporter)

Compiling Ray Tracing Shader "ProbeIntegrationValidity.urtshader", keywords = <no keywords>
    finished in 0.00 seconds. Local cache hits 1, remote cache hits 0, compiled 0 platform variants
Imported 'GUID: 2c32233d92a2d0745930664c087c5c9a' -> (Import Result ID: 'dae28f4f51fc6a49a71bc6cc02ed011f') in 0.014 seconds [static and dynamic dependencies]. Details - ImportResultOutputID=c4a7bb57fe624e31c8db046d8a711a75 DependenciesID=824ac197bcdb643e74af4e573a94b04c StaticDependenciesID=716f4e45d1a45953f3ce73d3fbf3ee8f 
Importing 'GUID: ace95ac84e213794891b4bd7c9b3c158 - Path: Packages/com.unity.render-pipelines.core/Runtime/PathTracing/Shaders/LightmapValidityIntegration.urtshader' with importer (ScriptedImporter : Unity.Rendering.LightTransport.Editor:UnityEditor.Rendering.UnifiedRayTracing:UnifiedRTShaderImporter)

Compiling Ray Tracing Shader "LightmapValidityIntegration.urtshader", keywords = <no keywords>
    finished in 0.00 seconds. Local cache hits 1, remote cache hits 0, compiled 0 platform variants
Imported 'GUID: ace95ac84e213794891b4bd7c9b3c158' -> (Import Result ID: '63b39dea02c2bd3a871557341c46645a') in 0.018 seconds [static and dynamic dependencies]. Details - ImportResultOutputID=3e952a12ab256969b8100ec72f531c66 DependenciesID=0655467d4ce3c3405c56dfae9e044ea3 StaticDependenciesID=aa8b51d51372d9acaf9acfb058c3fae3 
Importing 'GUID: 5ecdabd800f05984696f22ba95284516 - Path: Packages/com.unity.render-pipelines.core/Runtime/PathTracing/Shaders/ProbeIntegrationIndirect.urtshader' with importer (ScriptedImporter : Unity.Rendering.LightTransport.Editor:UnityEditor.Rendering.UnifiedRayTracing:UnifiedRTShaderImporter)

Compiling Ray Tracing Shader "ProbeIntegrationIndirect.urtshader", keywords = <no keywords>
    finished in 0.00 seconds. Local cache hits 1, remote cache hits 0, compiled 0 platform variants
Imported 'GUID: 5ecdabd800f05984696f22ba95284516' -> (Import Result ID: '5e98a189b1e59b3fd008779aaf14c557') in 0.018 seconds [static and dynamic dependencies]. Details - ImportResultOutputID=85d2a984eb75bdb3e5fdb7aab0ebc867 DependenciesID=8eeeb5d5f38376a81b53d94c616ee145 StaticDependenciesID=2385462edeeea1f1fc9193c7edbfff8e 
Importing 'GUID: 6e0b547bab30a804c8123974120d583f - Path: Packages/com.unity.render-pipelines.core/Tests/Runtime/PathTracing/PathIteratorTest.urtshader' with importer (ScriptedImporter : Unity.Rendering.LightTransport.Editor:UnityEditor.Rendering.UnifiedRayTracing:UnifiedRTShaderImporter)

Compiling Ray Tracing Shader "PathIteratorTest.urtshader", keywords = <no keywords>
    finished in 0.00 seconds. Local cache hits 1, remote cache hits 0, compiled 0 platform variants
Imported 'GUID: 6e0b547bab30a804c8123974120d583f' -> (Import Result ID: '0115afb03834175348508c8ef9e6fc19') in 0.021 seconds [static and dynamic dependencies]. Details - ImportResultOutputID=1133bd6c7f591f1dbb12e91a079e804f DependenciesID=cffe6b9bb06a488d8409559fcc8bad3a StaticDependenciesID=d71187151fc008df7658be7f7d10f903 
Importing 'GUID: de3013e16d99f2746ab1735ec06a660b - Path: Packages/com.unity.render-pipelines.core/Runtime/PathTracing/Shaders/ProbeIntegrationOcclusion.urtshader' with importer (ScriptedImporter : Unity.Rendering.LightTransport.Editor:UnityEditor.Rendering.UnifiedRayTracing:UnifiedRTShaderImporter)

Compiling Ray Tracing Shader "ProbeIntegrationOcclusion.urtshader", keywords = <no keywords>
    finished in 0.00 seconds. Local cache hits 1, remote cache hits 0, compiled 0 platform variants
Imported 'GUID: de3013e16d99f2746ab1735ec06a660b' -> (Import Result ID: '6ce99a6f47a32b8c096098c76a248777') in 0.017 seconds [static and dynamic dependencies]. Details - ImportResultOutputID=df1739e5f2b54e51c65943867080e15a DependenciesID=d762108df62899b3383519c4f20a5336 StaticDependenciesID=208d47b8903d77848e11a18b72e01619 
Importing 'GUID: 1f9bfe60b4ad75943a5281839c1a4e5c - Path: Packages/com.unity.render-pipelines.core/Runtime/PathTracing/Shaders/ProbeIntegrationDirect.urtshader' with importer (ScriptedImporter : Unity.Rendering.LightTransport.Editor:UnityEditor.Rendering.UnifiedRayTracing:UnifiedRTShaderImporter)

Compiling Ray Tracing Shader "ProbeIntegrationDirect.urtshader", keywords = <no keywords>
    finished in 0.00 seconds. Local cache hits 1, remote cache hits 0, compiled 0 platform variants
Imported 'GUID: 1f9bfe60b4ad75943a5281839c1a4e5c' -> (Import Result ID: '49a0d6d80a178d99bd74d25bb30536eb') in 0.018 seconds [static and dynamic dependencies]. Details - ImportResultOutputID=738fdbbe71a2f2ee3456986b74513de9 DependenciesID=b763fc42a1e71279de7224237d3cbb98 StaticDependenciesID=11eb62a12594dcb52ff4b378a213954b 
Importing 'GUID: cfaad658e34815e469f010b9daa1e7ba - Path: Assets/AvionesPapelVR/README.md' with importer (TextScriptImporter)
Imported 'GUID: cfaad658e34815e469f010b9daa1e7ba' -> (Import Result ID: 'c0505a409ad30de8e4759e4cb5c88678') in 0.010 seconds [static dependencies only]. Details - ImportResultOutputID=5bd3220a669751fdc9ad393d9f7313f1 DependenciesID=ff394ba568836b8286f191b18ebe6c6b StaticDependenciesID=c91cdb6e6552403c3ffde6c45f3dd895 
Importing 'GUID: ff2cbab5da58bf04d82c5f34037ed123 - Path: Packages/com.unity.render-pipelines.core/Editor/Lighting/ProbeVolume/VirtualOffset/TraceVirtualOffset.urtshader' with importer (ScriptedImporter : Unity.Rendering.LightTransport.Editor:UnityEditor.Rendering.UnifiedRayTracing:UnifiedRTShaderImporter)

Compiling Ray Tracing Shader "TraceVirtualOffset.urtshader", keywords = <no keywords>
    finished in 0.00 seconds. Local cache hits 1, remote cache hits 0, compiled 0 platform variants
Imported 'GUID: ff2cbab5da58bf04d82c5f34037ed123' -> (Import Result ID: '027a1e4645cf3290e2fec5a9799bdd46') in 0.014 seconds [static and dynamic dependencies]. Details - ImportResultOutputID=c668d5d1ed862acb07b707b7fd362ac3 DependenciesID=ddbcf47e899b5b2006304a887c4230fc StaticDependenciesID=01d1bb4a8db62c88e4fe35fdba25fa75 
Importing 'GUID: 1364d0f543728af38ed89a5f8c64cb9f - Path: Assets/AvionesPapelVR/Audio/sfx_launch.wav' with importer (AudioImporter)
Imported 'GUID: 1364d0f543728af38ed89a5f8c64cb9f' -> (Import Result ID: '000701065f35b1a29a64ae81da7f5ae0') in 0.053 seconds [static and dynamic dependencies]. Details - ImportResultOutputID=baa20d284f3261bfb455459fdcc29cdb DependenciesID=753c2136ef276465745d31710f546521 StaticDependenciesID=fd7f6f57e5b3f47ef255d4d293a6a34c 
Importing 'GUID: 76a5f690401a4f07fe054440aac4f17b - Path: Assets/AvionesPapelVR/Audio/sfx_explosion_ink.wav' with importer (AudioImporter)
Imported 'GUID: 76a5f690401a4f07fe054440aac4f17b' -> (Import Result ID: '9e4d5e6f9872f8d1c8d723fb7f3260f2') in 0.047 seconds [static and dynamic dependencies]. Details - ImportResultOutputID=1b6df2f7325b8986596af47df55a1a8e DependenciesID=db67f855c261cfa4e62ae2601651c13b StaticDependenciesID=5c95accae22891b019220dfc0bd92e03 
Importing 'GUID: f9c24e52a73697395892647e06f77b28 - Path: Assets/AvionesPapelVR/Audio/sfx_shoot.wav' with importer (AudioImporter)
Imported 'GUID: f9c24e52a73697395892647e06f77b28' -> (Import Result ID: '32f151ca02a041049c17ff72c46043cf') in 0.047 seconds [static and dynamic dependencies]. Details - ImportResultOutputID=b767f584999872d7be497ff8c08423cd DependenciesID=8d1e33551a8598e8ff3518cb1e67defc StaticDependenciesID=3cc730e9ef35efee87b7dae36d490692 
Importing 'GUID: 5cdd06d0dbf6f46a104a50019685d503 - Path: Assets/AvionesPapelVR/Audio/sfx_wind.wav' with importer (AudioImporter)
Imported 'GUID: 5cdd06d0dbf6f46a104a50019685d503' -> (Import Result ID: '0f0f4d44d025a1a44ab725e47b49970f') in 0.051 seconds [static and dynamic dependencies]. Details - ImportResultOutputID=01e31b60674b42e9840894eeec979261 DependenciesID=4054d60a07cb79419745e78711d3bc98 StaticDependenciesID=cb5626dedea6656c66f6bbdab678fca3 
Importing 'GUID: 3e229b8e66f6586ffc108db3c7916e8c - Path: Assets/AvionesPapelVR/Audio/sfx_collision.wav' with importer (AudioImporter)
Imported 'GUID: 3e229b8e66f6586ffc108db3c7916e8c' -> (Import Result ID: '10fb111f038fb1a02ff41197c06d3a90') in 0.078 seconds [static and dynamic dependencies]. Details - ImportResultOutputID=d4d77a8d4764fb23f18f777dfabde5b8 DependenciesID=63d3fb3d4c0262748976e826c2311ba3 StaticDependenciesID=201b31d5cfa52a604e709115e1a81a59 
Importing 'GUID: 1fe3b2e1c57ef6c69a7ddb9dd6c4bf43 - Path: Assets/AvionesPapelVR/Audio/sfx_pickup.wav' with importer (AudioImporter)
Imported 'GUID: 1fe3b2e1c57ef6c69a7ddb9dd6c4bf43' -> (Import Result ID: '7a1388c8fb3d3566546114ba913b4f91') in 0.049 seconds [static and dynamic dependencies]. Details - ImportResultOutputID=b535626f865f11974644a53db84e1ad1 DependenciesID=f9c31e85b8ad3b04edfb554f61a1aa2a StaticDependenciesID=cf16ee49ac4d78c942520118451b7dfc 
Refreshing native plugins compatible for Editor in 10.54 ms, found 10 plugins.

Asset Pipeline Refresh (id=6f28fa1ce062c0d4ca621e744f0eedb8): Total: 72.825 seconds - Initiated by InitialRefreshV2(ForceSynchronousImport)
	(Values over 0.05ms)
	Summary:
		Imports: total=114 (actual=114, local cache=0, cache server=0)
		Asset DB Process Time: managed=42 ms, native=7514 ms
		Asset DB Callback time: managed=556 ms, native=195 ms
		Scripting: domain reloads=1, domain reload time=1998 ms, compile time=62408 ms, other=108 ms
		Project Asset Count: scripts=1754, non-scripts=2708
		Asset File Changes: new=103, changed=104, moved=0, deleted=0
		Scan Filter Count: 0
	InvokePackagesCallback: 43.855ms
	ApplyChangesToAssetFolders: 0.754ms
	Scan: 280.563ms
	Collect global state as custom dependencies: 26.747ms
	OnSourceAssetsModified: 2.987ms
	CategorizeScriptCompilationAssets: 49.103ms
	ProcessAssetsWithTransientArtifactChanges: 104.238ms
	CategorizeAssets: 98.977ms
	CompileScripts: 62408.469ms
	ImportOutOfDateAssets: 6801.608ms (5023.774ms without children)
		ImportManagerImport: 1723.935ms (7.437ms without children)
			UpdateCategorizedAssets: 2.193ms
		UnloadImportedAssets: 1.057ms
		ReloadImportedAssets: 19.169ms
		EnsureUptoDateAssetsAreRegisteredWithGuidPM: 0.923ms
		ImportSchedulerStart: 51.839ms
	PostProcessAllAssets: 693.144ms
		RaytracingShaderImportPostprocess 66.810ms
		ComputeShaderImportPostprocess 51.307ms
		VersionControlSettings.HiddenFilePostprocess 3.388ms
		XRBuildSystem.XRAssetImported 2.769ms
		PostProcessCallbackCreateDeferredMaterials 0.356ms
		ShaderAssetModifiedCallback 0.240ms
		SpeedTreeImporter.PostprocessAllAssets 0.163ms
		LocalizationDatabase.AssetDatabasePostprocessCallback 0.145ms
		BlockShaderImporter.PostprocessAllAssets 0.109ms
		AssemblyValidation.PostprocessAllAssets 0.101ms
		MonoPostProcessAllAssets: 552.936ms
			AssetPostprocessor.OnPostprocessAllAssets 220.851ms
			SyncVS.PostprocessSyncProject 199.307ms
			AssetCallbacks.OnPostprocessAllAssets 38.396ms
			StyleCatalogPostProcessor.OnPostprocessAllAssets 22.252ms
			UniversalRenderPipelineGlobalSettingsPostprocessor.OnPostprocessAllAssets 13.769ms
			BuilderAssetPostprocessor.OnPostprocessAllAssets 8.962ms
			ShaderGraphAssetPostProcessor.OnPostprocessAllAssets 8.398ms
			TextAssetPostProcessor.OnPostprocessAllAssets 2.976ms
			SpeedTree9Postprocessor.OnPostprocessAllAssets 2.667ms
			WindowAssetPostprocessingWatcher.OnPostprocessAllAssets 2.654ms
			AssetChangedListener.OnPostprocessAllAssets 2.496ms
			MaterialPostprocessor.OnPostprocessAllAssets 1.734ms
			RetainedModeAssetPostprocessor.OnPostprocessAllAssets 1.581ms
			PostProcessor.OnPostprocessAllAssets 1.305ms
			EditModeScopePostprocessor.OnPostprocessAllAssets 1.250ms
			InputActionJsonNameModifierAssetProcessor.OnPostprocessAllAssets 1.165ms
			InputActionAssetPostprocessor.OnPostprocessAllAssets 1.154ms
			RenderPipelineGlobalSettingsPostprocessor.OnPostprocessAllAssets 1.075ms
			AudioMixerPostprocessor.OnPostprocessAllAssets 0.643ms
			ShaderReflectionAssetPostProcessor.OnPostprocessAllAssets 0.535ms
			ArtifactBrowserPostProcessor.OnPostprocessAllAssets 0.515ms
			EnvironmentAssetPostprocessor.OnPostprocessAllAssets 0.482ms
			TMPro_TexturePostProcessor.OnPostprocessAllAssets 0.399ms
			ReferencedClipsPostProcessor.OnPostprocessAllAssets 0.385ms
			SampleDependencyImporterPostProcessor.OnPostprocessAllAssets 0.385ms
			AssetEvents.OnPostprocessAllAssets 0.356ms
			ProjectSettingsPostprocessor.OnPostprocessAllAssets 0.280ms
			AssetDatabaseCallbacks.OnPostprocessAllAssets 0.214ms
			TerrainToolbarOverlayPostProcessor.OnPostprocessAllAssets 0.213ms
			ConfigAssetsTracker.OnPostprocessAllAssets 0.202ms
			SpeedTreePostProcessor.OnPostprocessAllAssets 0.198ms
			ScenarioDriftAssetsTracker.OnPostprocessAllAssets 0.176ms
			AudioContainerPostProcessor.OnPostprocessAllAssets 0.142ms
	PostAssetChangesProfiler: 14.597ms
	UnloadStreamsBegin: 3.634ms
	PersistCurrentRevisions: 0.833ms
	GenerateScriptTypeHashes: 26.270ms
	GenerateScriptTypeSerializationHashes: 33.996ms
	Untracked: 2288.959ms

Application.AssetDatabase Initial Refresh End
Shader Hidden/ChartRasterizerHardware is not supported: GPU does not support conservative rasterization
Shader Hidden/ChartRasterizerHardware is not supported: GPU does not support conservative rasterization
Scanning for USB devices : 4.025ms
Initializing Unity extensions:
[MODES] ModeService[none].Initialize
[MODES] ModeService[none].LoadModes
Worker ready: AssetImportWorkerHW0 0
[MODES] Loading mode Default (0) for mode-current-id-Avion_VR
Unloading 87 Unused Serialized files (Serialized files now loaded: 0)
Unloading 6310 unused Assets / (8.5 MB). Loaded Objects now: 7287.
Memory consumption went from 474.2 MB to 465.6 MB.
Total: 25.937800 ms (FindLiveObjects: 0.790700 ms CreateObjectMapping: 2.645000 ms MarkObjects: 17.655900 ms  DeleteObjects: 4.840900 ms)

Importing 'GUID: 70e33f62055606e428f9e4bceb582214 - Path: Assets/AvionesPapelVR/Materials/M_Grass.mat' with importer (NativeFormatImporter)
Imported 'GUID: 70e33f62055606e428f9e4bceb582214' -> (Import Result ID: 'd9921e9250367f9c34f249c840bbfa21') in 0.001 seconds [static dependencies only]. Details - ImportResultOutputID=ffb1e8b7b623498dd7db72dc5a97995c DependenciesID=c8b3584fb7a6b4040ba8d718f6fa8600 StaticDependenciesID=69af004855a45133b49e1c93397ed926 
Importing 'GUID: 519d97ee7a1a655468aeb7a24d32ea37 - Path: Assets/AvionesPapelVR/Materials/M_Coin.mat' with importer (NativeFormatImporter)
Imported 'GUID: 519d97ee7a1a655468aeb7a24d32ea37' -> (Import Result ID: '6a219ceeb71d7f2479de3d45a25d50bf') in 0.001 seconds [static dependencies only]. Details - ImportResultOutputID=20613eed4e2bb33380582274fdf9e189 DependenciesID=df3b4d291667ed7ebad42578f5edc219 StaticDependenciesID=87e0b0347c926486df270faf0ab1aee5 
Importing 'GUID: 125bc02739b101448aaa975af5893e8f - Path: Assets/AvionesPapelVR/Materials/M_Triple.mat' with importer (NativeFormatImporter)
Imported 'GUID: 125bc02739b101448aaa975af5893e8f' -> (Import Result ID: 'af1583246b84834d2f9eced850720903') in 0.001 seconds [static dependencies only]. Details - ImportResultOutputID=11aad8c46f979fd33cba43e8248a5db4 DependenciesID=63b3f23110f8ddfd6fd943968891a650 StaticDependenciesID=66b8349fc09e41e5f02c55def3f1cb1c 
Importing 'GUID: 524c4728e5ccf554fbfc1f8d3726d5ba - Path: Assets/AvionesPapelVR/Materials/M_FloorPark.mat' with importer (NativeFormatImporter)
Imported 'GUID: 524c4728e5ccf554fbfc1f8d3726d5ba' -> (Import Result ID: 'a6af8012acda189911997b0080393950') in 0.001 seconds [static dependencies only]. Details - ImportResultOutputID=2fb3ccdac942fd692e1eef7fd67af3df DependenciesID=48a0530e2884c39c0b13ac8a198f6d95 StaticDependenciesID=28062ec438f0b98ac1930c90b05e659e 
Importing 'GUID: 537fc33d775b43240ba0832d0762d193 - Path: Assets/AvionesPapelVR/Materials/M_PaperBlue.mat' with importer (NativeFormatImporter)
Imported 'GUID: 537fc33d775b43240ba0832d0762d193' -> (Import Result ID: 'a789929b9dbbefb0ed61dd19e45f528f') in 0.001 seconds [static dependencies only]. Details - ImportResultOutputID=f322d7aa8c1731b76b8aa7bd978e521e DependenciesID=1f0cd6e9ed35569e0412b90dcab76d55 StaticDependenciesID=f2c11bfe76e765589a2feb99af1809d4 
Importing 'GUID: 63a152bcaf638e645a9584a02ec4dd4e - Path: Assets/AvionesPapelVR/Materials/M_PaperBlack.mat' with importer (NativeFormatImporter)
Imported 'GUID: 63a152bcaf638e645a9584a02ec4dd4e' -> (Import Result ID: 'c585a592d34bba3b5fb6c0b96bb2748c') in 0.001 seconds [static dependencies only]. Details - ImportResultOutputID=19ac847650bac63413f2b4b21230d8c0 DependenciesID=170fd3d96459094cb92e64adcbda5e28 StaticDependenciesID=31c984c394e1aadce1fd9489b05b1743 
Importing 'GUID: b364b013f4a802941905ca8a009d652a - Path: Assets/AvionesPapelVR/Materials/M_Chalk.mat' with importer (NativeFormatImporter)
Imported 'GUID: b364b013f4a802941905ca8a009d652a' -> (Import Result ID: '3fbdc2ffc302dfb3633ff458d9d3f8a5') in 0.001 seconds [static dependencies only]. Details - ImportResultOutputID=5695f06a7f6dc05a60423f6b783a40b2 DependenciesID=3fa3e8c27df5f9dfb8368473c47009a6 StaticDependenciesID=cc3526b5b6b2d4d243d65f8e12dbdc86 
Importing 'GUID: c394ef74939c9ed438e4c81a88b1e803 - Path: Assets/AvionesPapelVR/Materials/M_Turbo.mat' with importer (NativeFormatImporter)
Imported 'GUID: c394ef74939c9ed438e4c81a88b1e803' -> (Import Result ID: '5b00e4741b52c7ed11d8b851962b90f8') in 0.001 seconds [static dependencies only]. Details - ImportResultOutputID=7bf3273c5033d518ab2a48bb291adbf0 DependenciesID=eee8ba9c5c0f400a255dd2e4e08b7980 StaticDependenciesID=275ea1178957d9d998451fda9bcfae06 
Importing 'GUID: e31ba12c2735e0e4fa1c6b04a6f248c9 - Path: Assets/AvionesPapelVR/Materials/M_PaperPurple.mat' with importer (NativeFormatImporter)
Imported 'GUID: e31ba12c2735e0e4fa1c6b04a6f248c9' -> (Import Result ID: '11cb05e7942871648bf50a52fba18da3') in 0.001 seconds [static dependencies only]. Details - ImportResultOutputID=e1f638f275fc293c87b51e6f8b4e9f0b DependenciesID=86e3a779537d48e96fdeb7e3ff6f1120 StaticDependenciesID=36bc3934b4ee8ef2d34d88b5b312ca98 
Importing 'GUID: 1476f0c416e35704baba5ef88a141baf - Path: Assets/AvionesPapelVR/Materials/M_PaperGold.mat' with importer (NativeFormatImporter)
Imported 'GUID: 1476f0c416e35704baba5ef88a141baf' -> (Import Result ID: 'f1b41ab25925aaac62a75757dee191c4') in 0.001 seconds [static dependencies only]. Details - ImportResultOutputID=e1299c7735e9c52f3fc56e50989a72c4 DependenciesID=40e19766cb29dfcd6e2e1294f3f66e62 StaticDependenciesID=3edac45649f4f632569b72ebc8089c14 
Importing 'GUID: 4471a2134d982ee4e9986e6aeb1a1bfd - Path: Assets/AvionesPapelVR/Materials/M_PaperCyan.mat' with importer (NativeFormatImporter)
Imported 'GUID: 4471a2134d982ee4e9986e6aeb1a1bfd' -> (Import Result ID: 'e51fca151201c125c985df43f48ee555') in 0.001 seconds [static dependencies only]. Details - ImportResultOutputID=623fe6fa81a36e9febf088c03ddfc3a8 DependenciesID=df4511d64dd45f4c7e0d5e8c1dd2ec5e StaticDependenciesID=69e842318232b1ae4aebc9bb09584090 
Importing 'GUID: 259f8a96cceb4da47b2af7a3f22f8f29 - Path: Assets/AvionesPapelVR/Materials/M_PaperPink.mat' with importer (NativeFormatImporter)
Imported 'GUID: 259f8a96cceb4da47b2af7a3f22f8f29' -> (Import Result ID: '2b6901196fe7c2e4dc020e04a79f8208') in 0.002 seconds [static dependencies only]. Details - ImportResultOutputID=2144aaae7d2ee0cc781f43c8d4a29758 DependenciesID=0c9d544e5e47d832c98c79a5acff18dd StaticDependenciesID=7e4e3087b4ac1704711e598177314ed9 
Importing 'GUID: 0666d843e7484d84ab4c35f422ed7253 - Path: Assets/AvionesPapelVR/Materials/M_Star.mat' with importer (NativeFormatImporter)
Imported 'GUID: 0666d843e7484d84ab4c35f422ed7253' -> (Import Result ID: '96078ad1f3aac14649eab25232c68c86') in 0.001 seconds [static dependencies only]. Details - ImportResultOutputID=2800562e1bdbf5fb4fedab3bc7fc6e4e DependenciesID=07c2700dee6b0fc52552487454f26693 StaticDependenciesID=13918584ab61ab4ae1275f1a88b34455 
Importing 'GUID: 06def590abd316f46af8593611ed7263 - Path: Assets/AvionesPapelVR/Materials/M_Shield.mat' with importer (NativeFormatImporter)
Imported 'GUID: 06def590abd316f46af8593611ed7263' -> (Import Result ID: '48d53b01ec4b9e664ac5b58b59e6e6bb') in 0.002 seconds [static dependencies only]. Details - ImportResultOutputID=72c4f851527d35ec55631380d9dd1bfb DependenciesID=385ed789fb6703de6600287919b00229 StaticDependenciesID=e6226aedf8ef51943be08d2f2db63d2f 
Importing 'GUID: f6c1dfcc9c48cf34fb484c5d1692e7d7 - Path: Assets/AvionesPapelVR/Materials/M_PaperWhite.mat' with importer (NativeFormatImporter)
Imported 'GUID: f6c1dfcc9c48cf34fb484c5d1692e7d7' -> (Import Result ID: 'b1261a3ffec636338986a9d5c942a917') in 0.004 seconds [static dependencies only]. Details - ImportResultOutputID=61b05d2c5cb36b40c1b159f40ca69363 DependenciesID=08278fb0474c78e40a995942c9a5e5c0 StaticDependenciesID=7c37888cc81b188e840e5ea6176a3798 
Importing 'GUID: 07d46dfd82d56d74f97a17940d3e746b - Path: Assets/AvionesPapelVR/Materials/M_StarrySky.mat' with importer (NativeFormatImporter)
Imported 'GUID: 07d46dfd82d56d74f97a17940d3e746b' -> (Import Result ID: 'd2ad26200b17e5c8661727d624faa436') in 0.001 seconds [static dependencies only]. Details - ImportResultOutputID=4f396d0142074759e50f5fa9c03bb7c4 DependenciesID=649b67f062e0472390e6df5a465e34bb StaticDependenciesID=3ffca59352742c3d4d3a51c122b37316 
Importing 'GUID: 67326be26cd9c5446ac04a49043ddfb8 - Path: Assets/AvionesPapelVR/Materials/M_PaperYellow.mat' with importer (NativeFormatImporter)
Imported 'GUID: 67326be26cd9c5446ac04a49043ddfb8' -> (Import Result ID: '90389aa5fc8908c62839a377fd0b1eee') in 0.001 seconds [static dependencies only]. Details - ImportResultOutputID=e7068a1c994e63e4aeac464248b9d7a7 DependenciesID=f4962852455f2329522ebcb802e49a8b StaticDependenciesID=6ae206d7d729aa823a10d39a22b9f22f 
Importing 'GUID: f7c01fafd42f6d34f9d980af7ba89920 - Path: Assets/AvionesPapelVR/Materials/M_PaperRed.mat' with importer (NativeFormatImporter)
Imported 'GUID: f7c01fafd42f6d34f9d980af7ba89920' -> (Import Result ID: '2e0f4ec533a92524d3b139fecbf70ae0') in 0.001 seconds [static dependencies only]. Details - ImportResultOutputID=c5c4ae152e31e1496fbea26f2c42f072 DependenciesID=8c8be806e608612d09e62a3f57dedf01 StaticDependenciesID=aa88b01fcbc32800980752ee23cf8e4a 
Importing 'GUID: c81c0ae0e62945e409980c2c95eaaaf7 - Path: Assets/AvionesPapelVR/Materials/M_PaperGreen.mat' with importer (NativeFormatImporter)
Imported 'GUID: c81c0ae0e62945e409980c2c95eaaaf7' -> (Import Result ID: '18da50ee31f7a4f496bf06287595f631') in 0.001 seconds [static dependencies only]. Details - ImportResultOutputID=200a28f4d34c24908da7572c96157404 DependenciesID=ded843e6a1a0b8b221f035152c315072 StaticDependenciesID=17501480f5fc3aea93a85790e87c37fc 
Importing 'GUID: 6a2b308f7adf0204aa3fb9b829155e44 - Path: Assets/AvionesPapelVR/Materials/M_FloorSchool.mat' with importer (NativeFormatImporter)
Imported 'GUID: 6a2b308f7adf0204aa3fb9b829155e44' -> (Import Result ID: '1e0847a72fd537629c422a79cbc3637f') in 0.001 seconds [static dependencies only]. Details - ImportResultOutputID=52298f3ffd06632efe01ad9e9cb3091c DependenciesID=21b3c5d46657b763d5389f2d2247b256 StaticDependenciesID=12b0f72892d0b2b7cd2c770bf2c4e941 
Importing 'GUID: bb755395f27968d49b3a8e368649b69f - Path: Assets/AvionesPapelVR/Materials/M_PaperOrange.mat' with importer (NativeFormatImporter)
Imported 'GUID: bb755395f27968d49b3a8e368649b69f' -> (Import Result ID: 'e0aaa6282995feb5849960ffbd41b0ec') in 0.001 seconds [static dependencies only]. Details - ImportResultOutputID=c935e6e37ff5d18d4896883a8d27bd70 DependenciesID=4c6bd327fa2b3ab3f4b2b86fbcce8ad1 StaticDependenciesID=df88ee3e83f1716cfe187e1451932d1b 
Importing 'GUID: 2c268e32b02b3a94a9b9f2a4f7afea80 - Path: Assets/AvionesPapelVR/Materials/M_Magic.mat' with importer (NativeFormatImporter)
Imported 'GUID: 2c268e32b02b3a94a9b9f2a4f7afea80' -> (Import Result ID: 'c9b55efe5247d416bc8b6e12ceefbf3d') in 0.002 seconds [static dependencies only]. Details - ImportResultOutputID=855fe3b5faae65a3347e0e42ebe162f4 DependenciesID=44a2dc54c915f4ed2baff70fd029dfd3 StaticDependenciesID=1ee78e35231a456694cf58fcc5732e0e 
Importing 'GUID: 5cf7541ccdbe415458a29878317ecfb2 - Path: Assets/AvionesPapelVR/Materials/M_Office.mat' with importer (NativeFormatImporter)
Imported 'GUID: 5cf7541ccdbe415458a29878317ecfb2' -> (Import Result ID: '08f83ddac248349bf7468fc84635c606') in 0.002 seconds [static dependencies only]. Details - ImportResultOutputID=4e70e362cadf09e1d2d591cbf9a21a2e DependenciesID=aa862ce5a48e69b1e43d3de24d714115 StaticDependenciesID=1341dfc56f50b0ca9cfe00a77ad049c0 
Importing 'GUID: 9c83cbc502a2fc24985cf3f1bd686a21 - Path: Assets/AvionesPapelVR/Materials/M_WoodTable.mat' with importer (NativeFormatImporter)
Imported 'GUID: 9c83cbc502a2fc24985cf3f1bd686a21' -> (Import Result ID: 'b7d6f7532e64080288858c8401cc59a7') in 0.001 seconds [static dependencies only]. Details - ImportResultOutputID=b4873d4a3aed2c89db8926dc4864b378 DependenciesID=53c6be6d91872c495ddd98ef29d2d7a4 StaticDependenciesID=37e0202b155ddeb0c8629f8230b95240 
Importing 'GUID: cc7c811ae9e17dd4fa6f2cb760f3e9b7 - Path: Assets/AvionesPapelVR/Materials/M_FloorMagic.mat' with importer (NativeFormatImporter)
Imported 'GUID: cc7c811ae9e17dd4fa6f2cb760f3e9b7' -> (Import Result ID: 'b3f9c29dfb63876c972a7c2a91722f0d') in 0.002 seconds [static dependencies only]. Details - ImportResultOutputID=48a03fc1beeac93233d6c59e3bdb89f6 DependenciesID=de63eb4d248a54a2a839a8928b47e250 StaticDependenciesID=3ff09d181be6eca12ff46a1e43974eb2 
Importing 'GUID: 1d3665a67e4e67c45b4b7dd34ef55547 - Path: Assets/AvionesPapelVR/Materials/M_Ink.mat' with importer (NativeFormatImporter)
Imported 'GUID: 1d3665a67e4e67c45b4b7dd34ef55547' -> (Import Result ID: '1167c5cc70c48780a8c0e741dd8f6fad') in 0.001 seconds [static dependencies only]. Details - ImportResultOutputID=5843eeffef23e7c922be37baad13bdcd DependenciesID=55d23a4ea290efda7621cabf98fd651d StaticDependenciesID=e7f01b6757c10f8cb626186df4d7eea8 
Importing 'GUID: 0eb458c58dfc47d48b6a3d031b13c539 - Path: Assets/AvionesPapelVR/Materials/M_MetalDrone.mat' with importer (NativeFormatImporter)
Imported 'GUID: 0eb458c58dfc47d48b6a3d031b13c539' -> (Import Result ID: '58ee57ddc8db3b2830c26d2d8e10d64b') in 0.001 seconds [static dependencies only]. Details - ImportResultOutputID=46a9cc1fb405009244c2d0a8e34f938d DependenciesID=a32e843eb24a33f5a39dd500bf0cfcf6 StaticDependenciesID=b0a6f0975ca4e4b5e1ca47b7cc976c6e 
Importing 'GUID: 2fd464e8448043b458fb0ae4580a2e4d - Path: Assets/AvionesPapelVR/Materials/M_FloorCity.mat' with importer (NativeFormatImporter)
Imported 'GUID: 2fd464e8448043b458fb0ae4580a2e4d' -> (Import Result ID: 'd0a34cfa02faaaf4f6cee077c0c2e2f9') in 0.002 seconds [static dependencies only]. Details - ImportResultOutputID=670bee142fcf231e4e1d860070990b67 DependenciesID=214650e9a61cf791766356ff1536960b StaticDependenciesID=2ecfb3a5f0ffe71dfe08b4d46ac1bfa0 
Importing 'GUID: 3f8f41e3fb712724a9a9c71a7cc70bfb - Path: Assets/AvionesPapelVR/Materials/M_FloorOffice.mat' with importer (NativeFormatImporter)
Imported 'GUID: 3f8f41e3fb712724a9a9c71a7cc70bfb' -> (Import Result ID: '88b5b948596d9829f712a53d7fe9fb87') in 0.002 seconds [static dependencies only]. Details - ImportResultOutputID=b5e153c51861298141365d38b595897d DependenciesID=2234eb7f87232f111dfbacd19e2ed93a StaticDependenciesID=ba413b2dd6dd339ba61b25fdaf8ba6c3 
Refreshing native plugins compatible for Editor in 10.06 ms, found 10 plugins.

Asset Pipeline Refresh (id=f857f8ae00c43eb48bf0357c39c81637): Total: 0.304 seconds - Initiated by StopAssetImportingV2(NoUpdateAssetOptions)
	(Values over 0.05ms)
	Summary:
		Imports: total=29 (actual=29, local cache=0, cache server=0)
		Asset DB Process Time: managed=5 ms, native=216 ms
		Asset DB Callback time: managed=57 ms, native=25 ms
		Scripting: domain reloads=0, domain reload time=0 ms, compile time=0 ms, other=0 ms
		Project Asset Count: scripts=1754, non-scripts=2737
		Asset File Changes: new=29, changed=29, moved=0, deleted=0
		Scan Filter Count: 32
	ApplyChangesToAssetFolders: 0.184ms
	Scan: 33.547ms
	Collect global state as custom dependencies: 0.582ms
	OnSourceAssetsModified: 0.151ms
	CategorizeScriptCompilationAssets: 0.065ms
	ProcessAssetsWithTransientArtifactChanges: 0.223ms
	CategorizeAssets: 49.648ms
	ImportOutOfDateAssets: 122.434ms (13.510ms without children)
		ImportManagerImport: 56.352ms (7.766ms without children)
			UpdateCategorizedAssets: 0.145ms
		ReloadNativeAssets: 0.070ms
		UnloadImportedAssets: 0.168ms
		EnsureUptoDateAssetsAreRegisteredWithGuidPM: 0.734ms
		ImportSchedulerStart: 51.592ms
	PostProcessAllAssets: 71.901ms
		XRBuildSystem.XRAssetImported 12.484ms
		VersionControlSettings.HiddenFilePostprocess 0.983ms
		ShaderAssetModifiedCallback 0.087ms
		PostProcessCallbackCreateDeferredMaterials 0.073ms
		MonoPostProcessAllAssets: 57.013ms
			MaterialPostprocessor.OnPostprocessAllAssets 48.757ms
			AssetPostprocessor.OnPostprocessAllAssets 4.199ms
			ShaderGraphAssetPostProcessor.OnPostprocessAllAssets 1.060ms
			SyncVS.PostprocessSyncProject 0.621ms
			PostProcessor.OnPostprocessAllAssets 0.225ms
			InputActionAssetPostprocessor.OnPostprocessAllAssets 0.142ms
			TMPro_TexturePostProcessor.OnPostprocessAllAssets 0.142ms
			InputActionJsonNameModifierAssetProcessor.OnPostprocessAllAssets 0.140ms
			TextAssetPostProcessor.OnPostprocessAllAssets 0.111ms
			RenderPipelineGlobalSettingsPostprocessor.OnPostprocessAllAssets 0.111ms
			AssetChangedListener.OnPostprocessAllAssets 0.093ms
	PostAssetChangesProfiler: 10.623ms
	GatherAllCurrentPrimaryImportResultRevisions: 0.186ms
	UnloadStreamsBegin: 0.155ms
	PersistCurrentRevisions: 0.474ms
	UnloadStreamsEnd: 0.254ms
	Untracked: 8.961ms

Importing 'GUID: 70e33f62055606e428f9e4bceb582214 - Path: Assets/AvionesPapelVR/Materials/M_Grass.mat' with importer (NativeFormatImporter)
Imported 'GUID: 70e33f62055606e428f9e4bceb582214' -> (Import Result ID: 'c475d740d1694348756e21b7f3bd5a0f') in 0.001 seconds [static dependencies only]. Details - ImportResultOutputID=ffb1e8b7b623498dd7db72dc5a97995c DependenciesID=1941e89b6ee4816b26e3863a580ef9de StaticDependenciesID=7e56bebd494158b2d6e9ecd128eea110 
Importing 'GUID: 519d97ee7a1a655468aeb7a24d32ea37 - Path: Assets/AvionesPapelVR/Materials/M_Coin.mat' with importer (NativeFormatImporter)
Imported 'GUID: 519d97ee7a1a655468aeb7a24d32ea37' -> (Import Result ID: '9a589613b0ab450b1cf9c50a5cffcc95') in 0.001 seconds [static dependencies only]. Details - ImportResultOutputID=20613eed4e2bb33380582274fdf9e189 DependenciesID=34c5ee058a1ac312b0fe058307ad1e1a StaticDependenciesID=ebc7a902999bcc6cb72646f6d56bce0c 
Importing 'GUID: 125bc02739b101448aaa975af5893e8f - Path: Assets/AvionesPapelVR/Materials/M_Triple.mat' with importer (NativeFormatImporter)
Imported 'GUID: 125bc02739b101448aaa975af5893e8f' -> (Import Result ID: '7bef8503d980731d7437ae2ee9f85e1a') in 0.001 seconds [static dependencies only]. Details - ImportResultOutputID=11aad8c46f979fd33cba43e8248a5db4 DependenciesID=5ae6dbe91fe7089f62b58f57e8d2e98e StaticDependenciesID=6d4730bdd7aa4d34f3c1217d7000591b 
Importing 'GUID: 524c4728e5ccf554fbfc1f8d3726d5ba - Path: Assets/AvionesPapelVR/Materials/M_FloorPark.mat' with importer (NativeFormatImporter)
Imported 'GUID: 524c4728e5ccf554fbfc1f8d3726d5ba' -> (Import Result ID: 'b3bb821367f2316100a6313c6dd2abd8') in 0.006 seconds [static dependencies only]. Details - ImportResultOutputID=2fb3ccdac942fd692e1eef7fd67af3df DependenciesID=4558bfed86c784ce1a0e50fda04c2107 StaticDependenciesID=1262bbe8371c28455867cd3d046fac3e 
Importing 'GUID: 537fc33d775b43240ba0832d0762d193 - Path: Assets/AvionesPapelVR/Materials/M_PaperBlue.mat' with importer (NativeFormatImporter)
Imported 'GUID: 537fc33d775b43240ba0832d0762d193' -> (Import Result ID: '7024e7e368f830b2ba556e7f34f193d1') in 0.001 seconds [static dependencies only]. Details - ImportResultOutputID=f322d7aa8c1731b76b8aa7bd978e521e DependenciesID=6ceefe2d0c135ce759566bfbdc8b731a StaticDependenciesID=7d534ff2292e9fe9235c43439c9f5b0c 
Importing 'GUID: 63a152bcaf638e645a9584a02ec4dd4e - Path: Assets/AvionesPapelVR/Materials/M_PaperBlack.mat' with importer (NativeFormatImporter)
Imported 'GUID: 63a152bcaf638e645a9584a02ec4dd4e' -> (Import Result ID: '0c8ab24c632de047bd58140b62befe8e') in 0.001 seconds [static dependencies only]. Details - ImportResultOutputID=19ac847650bac63413f2b4b21230d8c0 DependenciesID=7ef1c0825df271e74b5a54f20b59fd70 StaticDependenciesID=4d75d0d75a2ab6aaf06c191656b14d17 
Importing 'GUID: b364b013f4a802941905ca8a009d652a - Path: Assets/AvionesPapelVR/Materials/M_Chalk.mat' with importer (NativeFormatImporter)
Imported 'GUID: b364b013f4a802941905ca8a009d652a' -> (Import Result ID: '3d3a3d85b42a41f2f474a523fe4d5773') in 0.001 seconds [static dependencies only]. Details - ImportResultOutputID=5695f06a7f6dc05a60423f6b783a40b2 DependenciesID=06ae3896cdcc723083429b866c0da84b StaticDependenciesID=46bf8df94aa73193e49956de8b5aec7b 
Importing 'GUID: c394ef74939c9ed438e4c81a88b1e803 - Path: Assets/AvionesPapelVR/Materials/M_Turbo.mat' with importer (NativeFormatImporter)
Imported 'GUID: c394ef74939c9ed438e4c81a88b1e803' -> (Import Result ID: '464d86182c7ba85377969c610ca6f5cd') in 0.001 seconds [static dependencies only]. Details - ImportResultOutputID=7bf3273c5033d518ab2a48bb291adbf0 DependenciesID=b3b987de6836e49fba2cd0c641458d06 StaticDependenciesID=3fa5050ea60f2719e7e4d409d191c93d 
Importing 'GUID: e31ba12c2735e0e4fa1c6b04a6f248c9 - Path: Assets/AvionesPapelVR/Materials/M_PaperPurple.mat' with importer (NativeFormatImporter)
Imported 'GUID: e31ba12c2735e0e4fa1c6b04a6f248c9' -> (Import Result ID: '095b7ca0a787b201b6b322439d35b949') in 0.001 seconds [static dependencies only]. Details - ImportResultOutputID=e1f638f275fc293c87b51e6f8b4e9f0b DependenciesID=5228981cacddb1f276bfdab6d10ae6d9 StaticDependenciesID=efde7a021ad708975ac651c32a5dc428 
Importing 'GUID: 1476f0c416e35704baba5ef88a141baf - Path: Assets/AvionesPapelVR/Materials/M_PaperGold.mat' with importer (NativeFormatImporter)
Imported 'GUID: 1476f0c416e35704baba5ef88a141baf' -> (Import Result ID: '16b2f6c265ba49bf31bf69570b77d58f') in 0.001 seconds [static dependencies only]. Details - ImportResultOutputID=e1299c7735e9c52f3fc56e50989a72c4 DependenciesID=7cde5ac45f1781c9406c93587bdb2828 StaticDependenciesID=afb55a8224400394dc8b4ca26fb116dd 
Importing 'GUID: 4471a2134d982ee4e9986e6aeb1a1bfd - Path: Assets/AvionesPapelVR/Materials/M_PaperCyan.mat' with importer (NativeFormatImporter)
Imported 'GUID: 4471a2134d982ee4e9986e6aeb1a1bfd' -> (Import Result ID: '8cc812abd86f3a630192587484763f4b') in 0.001 seconds [static dependencies only]. Details - ImportResultOutputID=623fe6fa81a36e9febf088c03ddfc3a8 DependenciesID=16a6d4b33182dbaab2802c95d9fe39fa StaticDependenciesID=aaf5aa5b5cde4460231db742fd235bd3 
Importing 'GUID: 259f8a96cceb4da47b2af7a3f22f8f29 - Path: Assets/AvionesPapelVR/Materials/M_PaperPink.mat' with importer (NativeFormatImporter)
Imported 'GUID: 259f8a96cceb4da47b2af7a3f22f8f29' -> (Import Result ID: '62cb0b9454163f5aba102a802df099b4') in 0.001 seconds [static dependencies only]. Details - ImportResultOutputID=2144aaae7d2ee0cc781f43c8d4a29758 DependenciesID=182d5fb356cda3ac346c28a473185002 StaticDependenciesID=cca9b06e9f8ad96d41b0addf471086ce 
Importing 'GUID: 0666d843e7484d84ab4c35f422ed7253 - Path: Assets/AvionesPapelVR/Materials/M_Star.mat' with importer (NativeFormatImporter)
Imported 'GUID: 0666d843e7484d84ab4c35f422ed7253' -> (Import Result ID: '2fd1e1f09cad0203b3884aa12d2d5a37') in 0.001 seconds [static dependencies only]. Details - ImportResultOutputID=2800562e1bdbf5fb4fedab3bc7fc6e4e DependenciesID=fe614fbd3b8e36522157a6e7de2f2948 StaticDependenciesID=5af2b3ab243c0d0dc6ba57ec52e9996a 
Importing 'GUID: 06def590abd316f46af8593611ed7263 - Path: Assets/AvionesPapelVR/Materials/M_Shield.mat' with importer (NativeFormatImporter)
Imported 'GUID: 06def590abd316f46af8593611ed7263' -> (Import Result ID: 'fcc11f8a87134469d360bf5dc94e9a7b') in 0.001 seconds [static dependencies only]. Details - ImportResultOutputID=72c4f851527d35ec55631380d9dd1bfb DependenciesID=eb6e086a833f2766e2e28511618cd160 StaticDependenciesID=770f78650867428f87f84211ccb053c5 
Importing 'GUID: f6c1dfcc9c48cf34fb484c5d1692e7d7 - Path: Assets/AvionesPapelVR/Materials/M_PaperWhite.mat' with importer (NativeFormatImporter)
Imported 'GUID: f6c1dfcc9c48cf34fb484c5d1692e7d7' -> (Import Result ID: '6279590767eaff66b846f903c73384fb') in 0.001 seconds [static dependencies only]. Details - ImportResultOutputID=61b05d2c5cb36b40c1b159f40ca69363 DependenciesID=ab1aa3e36c8c01a889a54c3fd4d1052b StaticDependenciesID=e2e5646901dfec8d5bd38178d312f571 
Importing 'GUID: 07d46dfd82d56d74f97a17940d3e746b - Path: Assets/AvionesPapelVR/Materials/M_StarrySky.mat' with importer (NativeFormatImporter)
Imported 'GUID: 07d46dfd82d56d74f97a17940d3e746b' -> (Import Result ID: '7bd0f474bbed18e67daef9644618ea47') in 0.001 seconds [static dependencies only]. Details - ImportResultOutputID=4f396d0142074759e50f5fa9c03bb7c4 DependenciesID=29bc8d92546e8462290699fd59101e43 StaticDependenciesID=e08eedac5a99e0dd1ae7861d74a8c486 
Importing 'GUID: 67326be26cd9c5446ac04a49043ddfb8 - Path: Assets/AvionesPapelVR/Materials/M_PaperYellow.mat' with importer (NativeFormatImporter)
Imported 'GUID: 67326be26cd9c5446ac04a49043ddfb8' -> (Import Result ID: 'a37606c30c38e1e17f1943637e94d5dd') in 0.001 seconds [static dependencies only]. Details - ImportResultOutputID=e7068a1c994e63e4aeac464248b9d7a7 DependenciesID=4f17f962e0d67daac75610ca43e4a37c StaticDependenciesID=824bb26a1ba8b932210937d002c1417f 
Importing 'GUID: f7c01fafd42f6d34f9d980af7ba89920 - Path: Assets/AvionesPapelVR/Materials/M_PaperRed.mat' with importer (NativeFormatImporter)
Imported 'GUID: f7c01fafd42f6d34f9d980af7ba89920' -> (Import Result ID: 'd316f680d2caecd3caf1e96d2c0bf07f') in 0.002 seconds [static dependencies only]. Details - ImportResultOutputID=c5c4ae152e31e1496fbea26f2c42f072 DependenciesID=caa89d1673c715bb4fd498126575ae19 StaticDependenciesID=8c49f00e47a84cf80a7520c265e731db 
Importing 'GUID: c81c0ae0e62945e409980c2c95eaaaf7 - Path: Assets/AvionesPapelVR/Materials/M_PaperGreen.mat' with importer (NativeFormatImporter)
Imported 'GUID: c81c0ae0e62945e409980c2c95eaaaf7' -> (Import Result ID: '3df5247841a747b92ead5294d63867ee') in 0.002 seconds [static dependencies only]. Details - ImportResultOutputID=200a28f4d34c24908da7572c96157404 DependenciesID=289b9741acc64438493632d50f286673 StaticDependenciesID=a97648778abf16f82e706caff55dfcca 
Importing 'GUID: 6a2b308f7adf0204aa3fb9b829155e44 - Path: Assets/AvionesPapelVR/Materials/M_FloorSchool.mat' with importer (NativeFormatImporter)
Imported 'GUID: 6a2b308f7adf0204aa3fb9b829155e44' -> (Import Result ID: 'f611636d58e858a54336158ccfd686c1') in 0.002 seconds [static dependencies only]. Details - ImportResultOutputID=52298f3ffd06632efe01ad9e9cb3091c DependenciesID=e1b3e8b557ddbfbb968b5ea29eb2ee17 StaticDependenciesID=13da9052eadf3fcc27404f601dae0658 
Importing 'GUID: bb755395f27968d49b3a8e368649b69f - Path: Assets/AvionesPapelVR/Materials/M_PaperOrange.mat' with importer (NativeFormatImporter)
Imported 'GUID: bb755395f27968d49b3a8e368649b69f' -> (Import Result ID: 'c7cc665e9d2f5d2815c5c06eed64c61e') in 0.001 seconds [static dependencies only]. Details - ImportResultOutputID=c935e6e37ff5d18d4896883a8d27bd70 DependenciesID=d797298a09980cd4e4200df3d70e4413 StaticDependenciesID=280763be48483c3606dadccdf2ecad5c 
Importing 'GUID: 2c268e32b02b3a94a9b9f2a4f7afea80 - Path: Assets/AvionesPapelVR/Materials/M_Magic.mat' with importer (NativeFormatImporter)
Imported 'GUID: 2c268e32b02b3a94a9b9f2a4f7afea80' -> (Import Result ID: '8d5faf1e1aa4a83bf901a13f54b8c289') in 0.001 seconds [static dependencies only]. Details - ImportResultOutputID=855fe3b5faae65a3347e0e42ebe162f4 DependenciesID=6f5f45b8c1ff145fa950c0d42edd65ba StaticDependenciesID=14536373b965e0f9299905f3292bd43b 
Importing 'GUID: 5cf7541ccdbe415458a29878317ecfb2 - Path: Assets/AvionesPapelVR/Materials/M_Office.mat' with importer (NativeFormatImporter)
Imported 'GUID: 5cf7541ccdbe415458a29878317ecfb2' -> (Import Result ID: 'e478e4e70f8115754084a163a7583f26') in 0.001 seconds [static dependencies only]. Details - ImportResultOutputID=4e70e362cadf09e1d2d591cbf9a21a2e DependenciesID=68e8fb5b47fe04709f056f7225617aa6 StaticDependenciesID=fb740b5d166ae44494e94f4038e85332 
Importing 'GUID: 9c83cbc502a2fc24985cf3f1bd686a21 - Path: Assets/AvionesPapelVR/Materials/M_WoodTable.mat' with importer (NativeFormatImporter)
Imported 'GUID: 9c83cbc502a2fc24985cf3f1bd686a21' -> (Import Result ID: '0705f42119ef1378cfb9148329968f00') in 0.001 seconds [static dependencies only]. Details - ImportResultOutputID=b4873d4a3aed2c89db8926dc4864b378 DependenciesID=e219f34230c667936e3cbbd789a28467 StaticDependenciesID=c4d358e7d23972d3e2e85f1f709c0b37 
Importing 'GUID: cc7c811ae9e17dd4fa6f2cb760f3e9b7 - Path: Assets/AvionesPapelVR/Materials/M_FloorMagic.mat' with importer (NativeFormatImporter)
Imported 'GUID: cc7c811ae9e17dd4fa6f2cb760f3e9b7' -> (Import Result ID: 'f493c9cdeb2b524e65ebd90365221370') in 0.002 seconds [static dependencies only]. Details - ImportResultOutputID=48a03fc1beeac93233d6c59e3bdb89f6 DependenciesID=1ad09610f4e481a67ab88bef5ffbf9da StaticDependenciesID=c510f205271af9997171530ee8a243fb 
Importing 'GUID: 1d3665a67e4e67c45b4b7dd34ef55547 - Path: Assets/AvionesPapelVR/Materials/M_Ink.mat' with importer (NativeFormatImporter)
Imported 'GUID: 1d3665a67e4e67c45b4b7dd34ef55547' -> (Import Result ID: '530c63cc2ea24b99da3113aeaac5a42f') in 0.002 seconds [static dependencies only]. Details - ImportResultOutputID=5843eeffef23e7c922be37baad13bdcd DependenciesID=ef1fa31b2c74a096daae3ea259b9e8fa StaticDependenciesID=7a015a0c922602295b912089fb1681ee 
Importing 'GUID: 0eb458c58dfc47d48b6a3d031b13c539 - Path: Assets/AvionesPapelVR/Materials/M_MetalDrone.mat' with importer (NativeFormatImporter)
Imported 'GUID: 0eb458c58dfc47d48b6a3d031b13c539' -> (Import Result ID: '2388b78e257beb355eb280c8a12735ec') in 0.001 seconds [static dependencies only]. Details - ImportResultOutputID=46a9cc1fb405009244c2d0a8e34f938d DependenciesID=f5573e9491e1fe498a22a2d72daa8618 StaticDependenciesID=36ae98a9d9f8668f676ebc209502d9f4 
Importing 'GUID: 2fd464e8448043b458fb0ae4580a2e4d - Path: Assets/AvionesPapelVR/Materials/M_FloorCity.mat' with importer (NativeFormatImporter)
Imported 'GUID: 2fd464e8448043b458fb0ae4580a2e4d' -> (Import Result ID: '780da33c93d7c1c2e9a66c6857fede0e') in 0.001 seconds [static dependencies only]. Details - ImportResultOutputID=670bee142fcf231e4e1d860070990b67 DependenciesID=7ec3df6e7db385991a97906cb8bfe59a StaticDependenciesID=db66ff222756c96f11b72b7542e3496b 
Importing 'GUID: 3f8f41e3fb712724a9a9c71a7cc70bfb - Path: Assets/AvionesPapelVR/Materials/M_FloorOffice.mat' with importer (NativeFormatImporter)
Imported 'GUID: 3f8f41e3fb712724a9a9c71a7cc70bfb' -> (Import Result ID: 'fa69ff716dba11028f4bc94b080bea6e') in 0.002 seconds [static dependencies only]. Details - ImportResultOutputID=b5e153c51861298141365d38b595897d DependenciesID=ab549c5184ab6e5f19ada29aff1a90c6 StaticDependenciesID=e44a879cf65fd527ff36ada2850b68eb 
Refreshing native plugins compatible for Editor in 7.93 ms, found 10 plugins.
Asset Pipeline Refresh (id=f2f4239d34ae8b943a3e9d073ee3f689): Total: 0.198 seconds - Initiated by StopAssetImportingV2(NoUpdateAssetOptions)
Asset Pipeline Refresh (id=4be91e8fb9d61ce4d8448cb72ec7fef6): Total: 0.013 seconds - Initiated by RefreshV2(NoUpdateAssetOptions)
Importing 'GUID: bde00669a3befea4a8b12972f777b2f3 - Path: Assets/AvionesPapelVR/Prefabs/Planes/DartClassic.prefab' with importer (PrefabImporter)
Imported 'GUID: bde00669a3befea4a8b12972f777b2f3' -> (Import Result ID: '6886cc6fd917f1f44771fdb14bd5ee05') in 0.012 seconds [static and dynamic dependencies]. Details - ImportResultOutputID=5774c01ae8e3510f32319ba8b08a449e DependenciesID=c39c12fa2de72292ce7d640a77090ced StaticDependenciesID=c3d83d0ee4f208e8ee56d461710a10ca 
Refreshing native plugins compatible for Editor in 7.95 ms, found 10 plugins.
Asset Pipeline Refresh (id=e2d3d6aea24041345b38e0abe7afc0a1): Total: 0.129 seconds - Initiated by StopAssetImportingV2(NoUpdateAssetOptions)
Importing 'GUID: 28a6da472f2d61c41aa18f741ff23501 - Path: Assets/AvionesPapelVR/Prefabs/Planes/GliderLong.prefab' with importer (PrefabImporter)
Imported 'GUID: 28a6da472f2d61c41aa18f741ff23501' -> (Import Result ID: 'c075f9e76d979636d869efa22d3b9c60') in 0.013 seconds [static and dynamic dependencies]. Details - ImportResultOutputID=f9a34f8e425f602a92986c8133005362 DependenciesID=4f1f4973fe9f5b0ec1e072ec55bdc062 StaticDependenciesID=4b461f7327f59acf3cbb10325674908a 
Refreshing native plugins compatible for Editor in 7.79 ms, found 10 plugins.
Asset Pipeline Refresh (id=69454e0aa09e2de458d15f47861b99ec): Total: 0.139 seconds - Initiated by StopAssetImportingV2(NoUpdateAssetOptions)
Importing 'GUID: a2b6eee5a524d1e469880971e7f8bdbe - Path: Assets/AvionesPapelVR/Prefabs/Planes/ArrowSwift.prefab' with importer (PrefabImporter)
Imported 'GUID: a2b6eee5a524d1e469880971e7f8bdbe' -> (Import Result ID: 'b6ef4af582cbd36fc9426e0a478ae0fe') in 0.010 seconds [static and dynamic dependencies]. Details - ImportResultOutputID=168c6a59ce52173380fa28dc45752256 DependenciesID=44461550f10be272b5fd6ad4d3e042a4 StaticDependenciesID=cc2527fc3b441f0e0700941ae6051f3e 
Refreshing native plugins compatible for Editor in 7.78 ms, found 10 plugins.
Asset Pipeline Refresh (id=572dad276c537674ea3b0b0616792775): Total: 0.119 seconds - Initiated by StopAssetImportingV2(NoUpdateAssetOptions)
Importing 'GUID: f2257946a578d7d4381776161aa54092 - Path: Assets/AvionesPapelVR/Prefabs/Planes/DeltaRacer.prefab' with importer (PrefabImporter)
Imported 'GUID: f2257946a578d7d4381776161aa54092' -> (Import Result ID: '13bd5bb8602e5dd34cd907fb8fe4fdf0') in 0.010 seconds [static and dynamic dependencies]. Details - ImportResultOutputID=7a109a487b0a726d2a387714aa30a671 DependenciesID=95841e135a1689187e1f9c648ac06a9e StaticDependenciesID=77fec471a14c131262a1e38eb5c96085 
Refreshing native plugins compatible for Editor in 7.97 ms, found 10 plugins.
Asset Pipeline Refresh (id=baca5759d5006264c84f4d9d2b584d0e): Total: 0.126 seconds - Initiated by StopAssetImportingV2(NoUpdateAssetOptions)
Importing 'GUID: 5eef176bbb7af9d47a608f1f4942625e - Path: Assets/AvionesPapelVR/Prefabs/Planes/CanardAce.prefab' with importer (PrefabImporter)
Imported 'GUID: 5eef176bbb7af9d47a608f1f4942625e' -> (Import Result ID: 'aec53a7ade712a4ee0c146247883e52b') in 0.011 seconds [static and dynamic dependencies]. Details - ImportResultOutputID=a9cd8e5505fdc3a984fe956572324a03 DependenciesID=cad70d638d597aba612160ea3d89eb6f StaticDependenciesID=a64ed126a4828bf4bf12ec290a7ac0d2 
Refreshing native plugins compatible for Editor in 8.09 ms, found 10 plugins.
Asset Pipeline Refresh (id=b330ff78fac864e48b9af15694ccf35b): Total: 0.123 seconds - Initiated by StopAssetImportingV2(NoUpdateAssetOptions)
Importing 'GUID: 8151e738110cf75478a2152765c3989a - Path: Assets/AvionesPapelVR/Prefabs/Planes/HeavyBomber.prefab' with importer (PrefabImporter)
Imported 'GUID: 8151e738110cf75478a2152765c3989a' -> (Import Result ID: 'd270820711b68d1761e46f530c20edbb') in 0.010 seconds [static and dynamic dependencies]. Details - ImportResultOutputID=d8169d96ce601cf3695c5eaec7fa6d27 DependenciesID=b4020287be7d5f1d4a023af350e48f7c StaticDependenciesID=11f0c6af700b38c02941e421a72b07f9 
Refreshing native plugins compatible for Editor in 7.85 ms, found 10 plugins.
Asset Pipeline Refresh (id=15cb953ccb6b3a7419e3486908c9ab66): Total: 0.115 seconds - Initiated by StopAssetImportingV2(NoUpdateAssetOptions)
Importing 'GUID: 5ce62c00254854c45b040beba983b51c - Path: Assets/AvionesPapelVR/Prefabs/Planes/ZigZag.prefab' with importer (PrefabImporter)
Imported 'GUID: 5ce62c00254854c45b040beba983b51c' -> (Import Result ID: '3344503b2cdeb5742c84533f1e97aa16') in 0.010 seconds [static and dynamic dependencies]. Details - ImportResultOutputID=80ba0429c9cf3132308107a6665ef49c DependenciesID=cf616bd7a6a1cf4df8330293b7dc7a39 StaticDependenciesID=ee80a0b4278413b23edbf028ff9750ca 
Refreshing native plugins compatible for Editor in 7.55 ms, found 10 plugins.
Asset Pipeline Refresh (id=3e1728ce23ff6cb45a87967fe638f586): Total: 0.118 seconds - Initiated by StopAssetImportingV2(NoUpdateAssetOptions)
Importing 'GUID: 7ca7c55c169d9e542ae10aa22ee5bae3 - Path: Assets/AvionesPapelVR/Prefabs/Planes/NightHawk.prefab' with importer (PrefabImporter)
Imported 'GUID: 7ca7c55c169d9e542ae10aa22ee5bae3' -> (Import Result ID: '1c9d421cb665bcc439df0989ef30a936') in 0.009 seconds [static and dynamic dependencies]. Details - ImportResultOutputID=17537ec9c87748e223ed26fcb5fd0566 DependenciesID=ff8f4246b13cf02da5e097b2aa564036 StaticDependenciesID=5e6b2a02a2e49f2cbd37d4dea22be530 
Refreshing native plugins compatible for Editor in 8.01 ms, found 10 plugins.
Asset Pipeline Refresh (id=2ca1293879273b6458c9be23eb5a7502): Total: 0.115 seconds - Initiated by StopAssetImportingV2(NoUpdateAssetOptions)
Importing 'GUID: bb8c3bf7e706187468f0a31a16bc478f - Path: Assets/AvionesPapelVR/Prefabs/Planes/OrigamiPhoenix.prefab' with importer (PrefabImporter)
Imported 'GUID: bb8c3bf7e706187468f0a31a16bc478f' -> (Import Result ID: 'e018debf027b60eefabad2c2d8c1ed72') in 0.009 seconds [static and dynamic dependencies]. Details - ImportResultOutputID=9fbdc234ef4df01a877707bee81ab3e6 DependenciesID=9195d9ccaa583ad5f54582e2d5e691bd StaticDependenciesID=5ca265e71cf27e8833c4f4eef7c93453 
Refreshing native plugins compatible for Editor in 7.61 ms, found 10 plugins.
Asset Pipeline Refresh (id=0c63f8aafd0d0014dac8e570843ac4e3): Total: 0.115 seconds - Initiated by StopAssetImportingV2(NoUpdateAssetOptions)
Importing 'GUID: e6194e2a839910b40a45a338c0922021 - Path: Assets/AvionesPapelVR/Prefabs/Planes/StormCutter.prefab' with importer (PrefabImporter)
Imported 'GUID: e6194e2a839910b40a45a338c0922021' -> (Import Result ID: '4e6baf58a0805cde389d990576ba4b98') in 0.010 seconds [static and dynamic dependencies]. Details - ImportResultOutputID=4a3b4136ee7dcc65cec866dcc84dd1dc DependenciesID=2b0250876fc230185ee4ae2c465e6a08 StaticDependenciesID=7362dcb597242d48de6a89d2ddc97f88 
Refreshing native plugins compatible for Editor in 7.61 ms, found 10 plugins.
Asset Pipeline Refresh (id=c5f990f150f8e80448d487ba88fbca04): Total: 0.118 seconds - Initiated by StopAssetImportingV2(NoUpdateAssetOptions)
Importing 'GUID: 7ed86a0c1e198b74b963ed67a658456b - Path: Assets/AvionesPapelVR/Prefabs/Planes/PaperFalcon.prefab' with importer (PrefabImporter)
Imported 'GUID: 7ed86a0c1e198b74b963ed67a658456b' -> (Import Result ID: '52258f5dddf1695dc81f9158a84d80c0') in 0.009 seconds [static and dynamic dependencies]. Details - ImportResultOutputID=baec18b3ea977fdbb96324c097a07bc8 DependenciesID=2e6271aa809b5278be133cbf71744514 StaticDependenciesID=cb49609c4c666c597e52139e9c7ff527 
Refreshing native plugins compatible for Editor in 7.67 ms, found 10 plugins.
Asset Pipeline Refresh (id=f3ebdafd544b3ca46bfce41f94bc793e): Total: 0.114 seconds - Initiated by StopAssetImportingV2(NoUpdateAssetOptions)
Importing 'GUID: 6a444592ddf579b439137b42bf5f6411 - Path: Assets/AvionesPapelVR/Prefabs/Planes/CloudSkimmer.prefab' with importer (PrefabImporter)
Imported 'GUID: 6a444592ddf579b439137b42bf5f6411' -> (Import Result ID: '5ad0840bdbebfc834361bf918543da9f') in 0.010 seconds [static and dynamic dependencies]. Details - ImportResultOutputID=ad54ed39211ab9301b74e4ac04069a9d DependenciesID=8e8530fa3814d49fbd5a5bfd2d734396 StaticDependenciesID=24de8dd9269462f6e22104ff01f9f9c9 
Refreshing native plugins compatible for Editor in 7.56 ms, found 10 plugins.
Asset Pipeline Refresh (id=b79821cde85ff7d4ba37ad778506924d): Total: 0.116 seconds - Initiated by StopAssetImportingV2(NoUpdateAssetOptions)
Importing 'GUID: 05a40f8fa8155174eb9be1ab1ab6a026 - Path: Assets/AvionesPapelVR/Prefabs/Weapons/PaperBullet.prefab' with importer (PrefabImporter)
Imported 'GUID: 05a40f8fa8155174eb9be1ab1ab6a026' -> (Import Result ID: 'cb495dd4eec9f043cde68a385b56404e') in 0.010 seconds [static and dynamic dependencies]. Details - ImportResultOutputID=faf7c4dbbd5bdc9c15009ca168702b89 DependenciesID=fa435baf626cda0f2049f43cbbe77202 StaticDependenciesID=f1b8827092558be99a8d8916d7d9efaa 
Refreshing native plugins compatible for Editor in 7.73 ms, found 10 plugins.
Asset Pipeline Refresh (id=c9c13e2befd3c1642ada66d67570865b): Total: 0.115 seconds - Initiated by StopAssetImportingV2(NoUpdateAssetOptions)
Importing 'GUID: f3ef87d9bc114424995629d8fbd0ec3e - Path: Assets/AvionesPapelVR/Prefabs/Weapons/FoldMissile.prefab' with importer (PrefabImporter)
Imported 'GUID: f3ef87d9bc114424995629d8fbd0ec3e' -> (Import Result ID: '0865a91e4eb17b1d4bc5dc6c4a39c0f2') in 0.011 seconds [static and dynamic dependencies]. Details - ImportResultOutputID=3f5c035e4c377de8fd434d3d694b93e8 DependenciesID=8afb3a3d726e1bab20c3523d3c9d888e StaticDependenciesID=f1976baad82370ad32dcc7a550eba818 
Refreshing native plugins compatible for Editor in 7.66 ms, found 10 plugins.
Asset Pipeline Refresh (id=76d1dc87d7e1b534284dffc4f58a3df5): Total: 0.116 seconds - Initiated by StopAssetImportingV2(NoUpdateAssetOptions)
Importing 'GUID: 88f3d78107ab517428a118e673d592c4 - Path: Assets/AvionesPapelVR/Prefabs/Weapons/InkBomb.prefab' with importer (PrefabImporter)
Imported 'GUID: 88f3d78107ab517428a118e673d592c4' -> (Import Result ID: '900d47b063e75058ae8bda593d1f01a5') in 0.010 seconds [static and dynamic dependencies]. Details - ImportResultOutputID=244b08af33670d46687f4d4076e1f7d6 DependenciesID=578990847822f10097edc01c8c13cce6 StaticDependenciesID=1abfbb9c3e6c981bb387e6a19e479d4a 
Refreshing native plugins compatible for Editor in 7.62 ms, found 10 plugins.
Asset Pipeline Refresh (id=2f72e00d7f6279947b7dd5372f9e4e26): Total: 0.116 seconds - Initiated by StopAssetImportingV2(NoUpdateAssetOptions)
Importing 'GUID: 6fd6118ba7ec0164ab10d631b5df4634 - Path: Assets/AvionesPapelVR/Prefabs/Weapons/OrigamiShield.prefab' with importer (PrefabImporter)
Imported 'GUID: 6fd6118ba7ec0164ab10d631b5df4634' -> (Import Result ID: 'c8d91bfe3659f725d57deb5a3f6965c0') in 0.009 seconds [static and dynamic dependencies]. Details - ImportResultOutputID=e2ca07bcaf35b5162d22c946ffb84ab9 DependenciesID=43ef9b75982b05223852ba65eee7bbfd StaticDependenciesID=773f4068fff867729d097d2825a493dc 
Refreshing native plugins compatible for Editor in 7.63 ms, found 10 plugins.
Asset Pipeline Refresh (id=b46b41812508f064e8abc8dd6d09bf78): Total: 0.114 seconds - Initiated by StopAssetImportingV2(NoUpdateAssetOptions)
Importing 'GUID: 80fc8669ba06740448e5856f73d961ab - Path: Assets/AvionesPapelVR/Prefabs/Enemies/HostileDrone.prefab' with importer (PrefabImporter)
Imported 'GUID: 80fc8669ba06740448e5856f73d961ab' -> (Import Result ID: '4bfa5d75cbbce2f734c160a50967910c') in 0.009 seconds [static and dynamic dependencies]. Details - ImportResultOutputID=616ada30f3df39dbc9185fff3b909d61 DependenciesID=0b1556c249115d9ea0d57b31192b1c9b StaticDependenciesID=57796f4bfabe36a27c650e0a6b5217c2 
Refreshing native plugins compatible for Editor in 7.57 ms, found 10 plugins.
Asset Pipeline Refresh (id=bbacadb978e910f40b3b1100e26c1946): Total: 0.114 seconds - Initiated by StopAssetImportingV2(NoUpdateAssetOptions)
Importing 'GUID: 2f293cb292bb05241a93418b16093e43 - Path: Assets/AvionesPapelVR/Prefabs/Enemies/MechBird.prefab' with importer (PrefabImporter)
Imported 'GUID: 2f293cb292bb05241a93418b16093e43' -> (Import Result ID: '08a34f6b5e2f0124bd4ff3d50aff819e') in 0.010 seconds [static and dynamic dependencies]. Details - ImportResultOutputID=b13c9b8327f82cd3abba4ec694471b80 DependenciesID=9195cfd3ff33db973dbfbcd8fe51176f StaticDependenciesID=4db4711e1a835c976c3f35688798b4b3 
Refreshing native plugins compatible for Editor in 7.61 ms, found 10 plugins.
Asset Pipeline Refresh (id=b6879a6754081f74689f089ef921658e): Total: 0.113 seconds - Initiated by StopAssetImportingV2(NoUpdateAssetOptions)
Importing 'GUID: acd461f3e82dfd645bd76888250bb1d5 - Path: Assets/AvionesPapelVR/Prefabs/Enemies/WindFan.prefab' with importer (PrefabImporter)
Imported 'GUID: acd461f3e82dfd645bd76888250bb1d5' -> (Import Result ID: 'adadc1cfbdeeb7137b3dabc04e3282c0') in 0.009 seconds [static and dynamic dependencies]. Details - ImportResultOutputID=58431400e65f4e0d658de80ae7867547 DependenciesID=0d9dd41b88e8bb863c4e15edc5e546a3 StaticDependenciesID=d86af75fcd8490e8039bdef88c9dcf0e 
Refreshing native plugins compatible for Editor in 7.86 ms, found 10 plugins.
Asset Pipeline Refresh (id=01cf4ee5c71fa8f4b9160ab92b420552): Total: 0.113 seconds - Initiated by StopAssetImportingV2(NoUpdateAssetOptions)
Importing 'GUID: 54f86ef7c787da94d93d51ea3e821457 - Path: Assets/AvionesPapelVR/Prefabs/Props/WoodTable.prefab' with importer (PrefabImporter)
Imported 'GUID: 54f86ef7c787da94d93d51ea3e821457' -> (Import Result ID: '7a8aba103ecd3952bf5bc890a64dac0f') in 0.010 seconds [static and dynamic dependencies]. Details - ImportResultOutputID=0f36672cb8f9e68e2a89d6a890e7196c DependenciesID=1eda619191a5a5917ec8fd8bcc473152 StaticDependenciesID=72ba8cc4ff5f9c8fccca8bba7b41ef93 
Refreshing native plugins compatible for Editor in 7.54 ms, found 10 plugins.
Asset Pipeline Refresh (id=6820a513f7e4870439d61563bf0175c6): Total: 0.113 seconds - Initiated by StopAssetImportingV2(NoUpdateAssetOptions)
Importing 'GUID: 447a4068b7078e74f9312d8f9dfbed62 - Path: Assets/AvionesPapelVR/Prefabs/Props/SchoolDesk.prefab' with importer (PrefabImporter)
Imported 'GUID: 447a4068b7078e74f9312d8f9dfbed62' -> (Import Result ID: '3e270770d73cee8aa09a50e489ddd3f4') in 0.009 seconds [static and dynamic dependencies]. Details - ImportResultOutputID=81aef3a63f8886b2a999382e444ec248 DependenciesID=ed058802f01bbf4f73e02063f5f92937 StaticDependenciesID=2741280ab4d23bd0a41516dfd7cdf522 
Refreshing native plugins compatible for Editor in 7.50 ms, found 10 plugins.
Asset Pipeline Refresh (id=08840fb8ff31c8448b09b1650987c6b5): Total: 0.118 seconds - Initiated by StopAssetImportingV2(NoUpdateAssetOptions)
Importing 'GUID: 3127dfdaeea914a4eb85168d41269eb3 - Path: Assets/AvionesPapelVR/Prefabs/Props/Chalkboard.prefab' with importer (PrefabImporter)
Imported 'GUID: 3127dfdaeea914a4eb85168d41269eb3' -> (Import Result ID: 'cf88b8507fce46a624dc7f4e1029b6a8') in 0.010 seconds [static and dynamic dependencies]. Details - ImportResultOutputID=10b0f0f3f0de80546ceff24ea90860b7 DependenciesID=9ed5a43cbed94f60b8982ce2c01ee0e0 StaticDependenciesID=3c808e768f4c09ec17b4cd96e34723f4 
Refreshing native plugins compatible for Editor in 8.12 ms, found 10 plugins.
Asset Pipeline Refresh (id=ce55f6410109e464384c3066ab44f8ff): Total: 0.116 seconds - Initiated by StopAssetImportingV2(NoUpdateAssetOptions)
Importing 'GUID: 8ab0c2c80b77a764da8fda470303341a - Path: Assets/AvionesPapelVR/Prefabs/Props/ParkTree.prefab' with importer (PrefabImporter)
Imported 'GUID: 8ab0c2c80b77a764da8fda470303341a' -> (Import Result ID: '004fe6d6f7d13846e9fa73088431fb66') in 0.009 seconds [static and dynamic dependencies]. Details - ImportResultOutputID=cfef617a187c0a056578fc34f1108e88 DependenciesID=faa7ab2d803db1a187ddd2b23a9f054a StaticDependenciesID=0e435224dbd1ac5cb0ee2e747856c50c 
Refreshing native plugins compatible for Editor in 7.68 ms, found 10 plugins.
Asset Pipeline Refresh (id=7d6b0b4d181f1e84283d5db3f44072b4): Total: 0.118 seconds - Initiated by StopAssetImportingV2(NoUpdateAssetOptions)
Importing 'GUID: 69192d47b670ab444b9ebdc86ecaa881 - Path: Assets/AvionesPapelVR/Prefabs/Props/ParkBench.prefab' with importer (PrefabImporter)
Imported 'GUID: 69192d47b670ab444b9ebdc86ecaa881' -> (Import Result ID: '693368adcf4e62ef631f7d804b08cfc4') in 0.009 seconds [static and dynamic dependencies]. Details - ImportResultOutputID=f968b733b9d07bcaf9172bf3433bce06 DependenciesID=a552312e1414944f1f2a1e1f1c877e91 StaticDependenciesID=3c2d216ce81862a7ef44325064cccf84 
Refreshing native plugins compatible for Editor in 7.72 ms, found 10 plugins.
Asset Pipeline Refresh (id=7db1c6af884716945b044b6aa606af1a): Total: 0.115 seconds - Initiated by StopAssetImportingV2(NoUpdateAssetOptions)
Importing 'GUID: 91599ca5fe2564d40833fca5bf6b663c - Path: Assets/AvionesPapelVR/Prefabs/Props/Fountain.prefab' with importer (PrefabImporter)
Imported 'GUID: 91599ca5fe2564d40833fca5bf6b663c' -> (Import Result ID: 'f1ef7e1c364f819c9571fac9410f6589') in 0.010 seconds [static and dynamic dependencies]. Details - ImportResultOutputID=8f29b529756a778cbd7fa9a5f784f86f DependenciesID=818218942e7aff86f5e44596515e6136 StaticDependenciesID=d4d391a7a654d644e8111a0576eb647c 
Refreshing native plugins compatible for Editor in 7.50 ms, found 10 plugins.
Asset Pipeline Refresh (id=01e4e0802b17c8645a82f3f2ab0db680): Total: 0.113 seconds - Initiated by StopAssetImportingV2(NoUpdateAssetOptions)
Importing 'GUID: cfb263d15cc172b409cdaf187aa322c9 - Path: Assets/AvionesPapelVR/Prefabs/Props/MiniBuilding.prefab' with importer (PrefabImporter)
Imported 'GUID: cfb263d15cc172b409cdaf187aa322c9' -> (Import Result ID: 'fec124ac9b6188cc15c9b9b046345d2c') in 0.010 seconds [static and dynamic dependencies]. Details - ImportResultOutputID=fd9cd4aebd1aa6df5058c8591a2faf0d DependenciesID=0bbeabc53cb8f6d73f5d63ac334f99d7 StaticDependenciesID=46b0fd259b6031997e9cd94df04b5b17 
Refreshing native plugins compatible for Editor in 7.67 ms, found 10 plugins.
Asset Pipeline Refresh (id=fa186d7579d3d0b4683368f86dc6bb47): Total: 0.114 seconds - Initiated by StopAssetImportingV2(NoUpdateAssetOptions)
Importing 'GUID: b6546ddf132faae469f7509cc19fe3ce - Path: Assets/AvionesPapelVR/Prefabs/Props/MagicCrystal.prefab' with importer (PrefabImporter)
Imported 'GUID: b6546ddf132faae469f7509cc19fe3ce' -> (Import Result ID: '36bd608ad1e51a9616112a97f05d5e9a') in 0.011 seconds [static and dynamic dependencies]. Details - ImportResultOutputID=2312c6b54be00404014e708298a64660 DependenciesID=0c7d8168f477b43a7bbfd4062768e4a5 StaticDependenciesID=50a0bf3e2b7f5770f511764b678ede00 
Refreshing native plugins compatible for Editor in 8.54 ms, found 10 plugins.
Asset Pipeline Refresh (id=408253a4de9a847499f062e623012667): Total: 0.156 seconds - Initiated by StopAssetImportingV2(NoUpdateAssetOptions)
Importing 'GUID: 3f6127c706b171145be3f65fbfe66065 - Path: Assets/AvionesPapelVR/Prefabs/Props/StaticObstacle.prefab' with importer (PrefabImporter)
Imported 'GUID: 3f6127c706b171145be3f65fbfe66065' -> (Import Result ID: '4164a12da51bb6c3fd98a39bf680a61c') in 0.010 seconds [static and dynamic dependencies]. Details - ImportResultOutputID=f67fed2cb3227de0b708f67cfc6ab6df DependenciesID=0db7a75af27b44d1632f978f0086fc61 StaticDependenciesID=6268ae612f6290ca16d6e96a10522522 
Refreshing native plugins compatible for Editor in 7.43 ms, found 10 plugins.
Asset Pipeline Refresh (id=811ba215313d9294d924923cdb4be5ca): Total: 0.115 seconds - Initiated by StopAssetImportingV2(NoUpdateAssetOptions)
Importing 'GUID: e57da94e2b28eac49a4214961d915603 - Path: Assets/AvionesPapelVR/Prefabs/Props/MovingObstacle.prefab' with importer (PrefabImporter)
Imported 'GUID: e57da94e2b28eac49a4214961d915603' -> (Import Result ID: '184f0dfaff78962f78f652968c3a82f6') in 0.010 seconds [static and dynamic dependencies]. Details - ImportResultOutputID=c391da5eb1257d8829049ca71a29de79 DependenciesID=a18e2049ceaf1c848277a7efb21dd8c4 StaticDependenciesID=7a521fccec69a1168c46d52d2281c6bf 
Refreshing native plugins compatible for Editor in 7.45 ms, found 10 plugins.
Asset Pipeline Refresh (id=2d972fe2be3e938458d28ca60044c74f): Total: 0.111 seconds - Initiated by StopAssetImportingV2(NoUpdateAssetOptions)
Importing 'GUID: 7b39b9f6706f8404caed6b1a6a456568 - Path: Assets/AvionesPapelVR/Prefabs/Collectibles/StarCollectible.prefab' with importer (PrefabImporter)
Imported 'GUID: 7b39b9f6706f8404caed6b1a6a456568' -> (Import Result ID: 'fd25521d9d102248983de13401a6737e') in 0.010 seconds [static and dynamic dependencies]. Details - ImportResultOutputID=03db7c8f1d0b50caab1d612995c272bf DependenciesID=b692803eb4383588f1c0762a13143d8b StaticDependenciesID=44f31ef53c9e0ae50d234fb541622be5 
Refreshing native plugins compatible for Editor in 7.98 ms, found 10 plugins.
Asset Pipeline Refresh (id=f2da2e383f1066249beb2f66d8263bf8): Total: 0.117 seconds - Initiated by StopAssetImportingV2(NoUpdateAssetOptions)
Importing 'GUID: 5b7098b9febb87e4e92ca730e8b87119 - Path: Assets/AvionesPapelVR/Prefabs/Collectibles/PaperCoin.prefab' with importer (PrefabImporter)
Imported 'GUID: 5b7098b9febb87e4e92ca730e8b87119' -> (Import Result ID: 'f49b3c0d9a3bcf0c20f4d56cec0ba789') in 0.010 seconds [static and dynamic dependencies]. Details - ImportResultOutputID=445b4328f18294aeb6ee68cc6ac00758 DependenciesID=50ea02299fa0f8fa76b6494c7d633d60 StaticDependenciesID=22c0fb0627fd355dea558fdb9db03aa2 
Refreshing native plugins compatible for Editor in 7.51 ms, found 10 plugins.
Asset Pipeline Refresh (id=ef7dba6c7bed5494f802da499432124b): Total: 0.119 seconds - Initiated by StopAssetImportingV2(NoUpdateAssetOptions)
Importing 'GUID: 71cee88493046574aaeee5bf7ce77a39 - Path: Assets/AvionesPapelVR/Prefabs/Collectibles/PlanePart.prefab' with importer (PrefabImporter)
Imported 'GUID: 71cee88493046574aaeee5bf7ce77a39' -> (Import Result ID: '897c5c40ed861457f520be3b61eec54d') in 0.010 seconds [static and dynamic dependencies]. Details - ImportResultOutputID=56f2238e2efd8bf32ac8e9237786409c DependenciesID=d3bd03bb511fa3b74a5d2d4ef7766c3f StaticDependenciesID=e22536e3449070f0686320871e45bebd 
Refreshing native plugins compatible for Editor in 7.73 ms, found 10 plugins.
Asset Pipeline Refresh (id=a47774e0615ebc94db451381086fd7cc): Total: 0.117 seconds - Initiated by StopAssetImportingV2(NoUpdateAssetOptions)
Importing 'GUID: 235a8fa61ef2b784b890005d756844ad - Path: Assets/AvionesPapelVR/Prefabs/Collectibles/TurboOrb.prefab' with importer (PrefabImporter)
Imported 'GUID: 235a8fa61ef2b784b890005d756844ad' -> (Import Result ID: 'ff3a66ea2e9b0ac662491cbd5edce76c') in 0.010 seconds [static and dynamic dependencies]. Details - ImportResultOutputID=8f768869a12ae5d522649d6a260055c8 DependenciesID=9946019e3b82043f0c8a652c0ab54b39 StaticDependenciesID=cbf4188c90359792429e27c544995ae5 
Refreshing native plugins compatible for Editor in 7.53 ms, found 10 plugins.
Asset Pipeline Refresh (id=ec8e2019cf21f2349b3437abeeb0576a): Total: 0.116 seconds - Initiated by StopAssetImportingV2(NoUpdateAssetOptions)
Importing 'GUID: 95f96d9390372b04e8421b8e0ebab2ea - Path: Assets/AvionesPapelVR/Prefabs/Collectibles/ShieldOrb.prefab' with importer (PrefabImporter)
Imported 'GUID: 95f96d9390372b04e8421b8e0ebab2ea' -> (Import Result ID: '159162171390776dc440e3e46f15dc1d') in 0.011 seconds [static and dynamic dependencies]. Details - ImportResultOutputID=1affa533407432dd90657a6c67a4b948 DependenciesID=8270c7c653436ecb6679baad15b457fb StaticDependenciesID=82c8ad388f65d711171a6ceb6cbcbac9 
Refreshing native plugins compatible for Editor in 7.55 ms, found 10 plugins.
Asset Pipeline Refresh (id=b09fb1ad105d5424e9196e7132616432): Total: 0.147 seconds - Initiated by StopAssetImportingV2(NoUpdateAssetOptions)
Importing 'GUID: 41d587ef41c46d9418c45375106bab92 - Path: Assets/AvionesPapelVR/Prefabs/Collectibles/TripleShotOrb.prefab' with importer (PrefabImporter)
Imported 'GUID: 41d587ef41c46d9418c45375106bab92' -> (Import Result ID: '36b7541c4f89ce0d89d35db011fecf20') in 0.010 seconds [static and dynamic dependencies]. Details - ImportResultOutputID=18383f35cf7893f75e72a84feafee66f DependenciesID=3434f2b235976bfaca6e979739d97287 StaticDependenciesID=5d33423d206b0fa9741c8948653144c9 
Refreshing native plugins compatible for Editor in 7.55 ms, found 10 plugins.
Asset Pipeline Refresh (id=53292584762c56846bfea111b233abe2): Total: 0.113 seconds - Initiated by StopAssetImportingV2(NoUpdateAssetOptions)
Importing 'GUID: b30e05787308f6d43b5a99edd14ce594 - Path: Assets/AvionesPapelVR/Prefabs/Environments/FloorTile.prefab' with importer (PrefabImporter)
Imported 'GUID: b30e05787308f6d43b5a99edd14ce594' -> (Import Result ID: 'c287cec6206ec8ec85359444e578d296') in 0.012 seconds [static and dynamic dependencies]. Details - ImportResultOutputID=9d620e5930b783546b2e8c2f3f1f92fd DependenciesID=12f7c027c47b2d7d792adb38b22bc721 StaticDependenciesID=b3b33bba44f30da4d3a4a0a8e80d04bb 
Refreshing native plugins compatible for Editor in 7.55 ms, found 10 plugins.
Asset Pipeline Refresh (id=810caac814bc96d4db990fcb1723bf89): Total: 0.152 seconds - Initiated by StopAssetImportingV2(NoUpdateAssetOptions)
Importing 'GUID: cc8adacc13a05fa4aa511c9139ea3a6a - Path: Assets/AvionesPapelVR/Prefabs/Environments/WallTile.prefab' with importer (PrefabImporter)
Imported 'GUID: cc8adacc13a05fa4aa511c9139ea3a6a' -> (Import Result ID: 'e1f3c070f4b9e8311c4b5ea6d9256307') in 0.009 seconds [static and dynamic dependencies]. Details - ImportResultOutputID=ffdc24b84ab61ee560c46c2467b42c81 DependenciesID=f88c771fa1fdc5b443c7ded8a8b629c5 StaticDependenciesID=d7cc290ebd71ec1089a9b4b2a01ef844 
Refreshing native plugins compatible for Editor in 7.46 ms, found 10 plugins.
Asset Pipeline Refresh (id=891e56289def5f9468c9c3d26104902e): Total: 0.112 seconds - Initiated by StopAssetImportingV2(NoUpdateAssetOptions)
Importing 'GUID: 00249d4db81e70749a8868a70634a898 - Path: Assets/AvionesPapelVR/Data/Plane_DartClassic.asset' with importer (NativeFormatImporter)
Imported 'GUID: 00249d4db81e70749a8868a70634a898' -> (Import Result ID: 'db7ba7c66b1ef21887de39c4a7fa2dd8') in 0.001 seconds [static dependencies only]. Details - ImportResultOutputID=5f677c8d284e41c6c259c7b626ab9c00 DependenciesID=13bc847f36baf8a76815d2af65bf01ee StaticDependenciesID=e8eadc6e15ace04ea7237a07ed16677d 
Refreshing native plugins compatible for Editor in 8.22 ms, found 10 plugins.
Asset Pipeline Refresh (id=c9bc1113e94bef84a8a0754a2b9236ec): Total: 0.107 seconds - Initiated by StopAssetImportingV2(NoUpdateAssetOptions)
Importing 'GUID: 8063d18c602155646b96953d19f2473b - Path: Assets/AvionesPapelVR/Data/Plane_GliderLong.asset' with importer (NativeFormatImporter)
Imported 'GUID: 8063d18c602155646b96953d19f2473b' -> (Import Result ID: 'bf9c8e850e63f66a44d76fe1dcc93fd8') in 0.001 seconds [static dependencies only]. Details - ImportResultOutputID=a512792b362285873ce04d3f67bf691d DependenciesID=836e1b510aab099246a99e9fe97575b0 StaticDependenciesID=d21f42cb9ef1f684352953bbfde17e36 
Refreshing native plugins compatible for Editor in 7.78 ms, found 10 plugins.
Asset Pipeline Refresh (id=9af71edc1a931154cac405fd8c9d0aa1): Total: 0.110 seconds - Initiated by StopAssetImportingV2(NoUpdateAssetOptions)
Importing 'GUID: db87d728fee0acc4ebb618ba1cb0ff8b - Path: Assets/AvionesPapelVR/Data/Plane_ArrowSwift.asset' with importer (NativeFormatImporter)
Imported 'GUID: db87d728fee0acc4ebb618ba1cb0ff8b' -> (Import Result ID: '43e632a741cbb584419889f0547b5ef3') in 0.001 seconds [static dependencies only]. Details - ImportResultOutputID=b15ebec677c937459050bb1977f6754c DependenciesID=7825dcd9f19f3fa9ae1d745e716a7938 StaticDependenciesID=e303a99f18f5c26d1cda25f6e4c72ea3 
Refreshing native plugins compatible for Editor in 7.59 ms, found 10 plugins.
Asset Pipeline Refresh (id=35a950949eb0a2b4d8e60f2133af5905): Total: 0.105 seconds - Initiated by StopAssetImportingV2(NoUpdateAssetOptions)
Importing 'GUID: 424df0964358f334f9753fd2c03036fe - Path: Assets/AvionesPapelVR/Data/Plane_DeltaRacer.asset' with importer (NativeFormatImporter)
Imported 'GUID: 424df0964358f334f9753fd2c03036fe' -> (Import Result ID: '319aafa42e110dc5fda61cbd8320791c') in 0.001 seconds [static dependencies only]. Details - ImportResultOutputID=95507bfdc5c33d43716d7d39e64d54b5 DependenciesID=a64e11315e7e0f10e6c3c88357ecdeab StaticDependenciesID=5e4b34e94c54b504ec7b103b88c1cdb5 
Refreshing native plugins compatible for Editor in 7.46 ms, found 10 plugins.
Asset Pipeline Refresh (id=55953ef38693357489a07f381288d811): Total: 0.107 seconds - Initiated by StopAssetImportingV2(NoUpdateAssetOptions)
Importing 'GUID: 6cc176e3e45687943a8e5b9a4b5e95d8 - Path: Assets/AvionesPapelVR/Data/Plane_CanardAce.asset' with importer (NativeFormatImporter)
Imported 'GUID: 6cc176e3e45687943a8e5b9a4b5e95d8' -> (Import Result ID: '952ef7c3f80a2297551528322daba4ae') in 0.001 seconds [static dependencies only]. Details - ImportResultOutputID=8a2e548ebc2af0c21cfca4b248f24726 DependenciesID=a44ba70b329726e45a402e12a452a600 StaticDependenciesID=d3d5524ac68fb08d2ff7fa525e094cbf 
Refreshing native plugins compatible for Editor in 7.91 ms, found 10 plugins.
Asset Pipeline Refresh (id=2cab9e056122634478abc1b4c42cfb58): Total: 0.105 seconds - Initiated by StopAssetImportingV2(NoUpdateAssetOptions)
Importing 'GUID: 287564b56ace150448973876edcda557 - Path: Assets/AvionesPapelVR/Data/Plane_HeavyBomber.asset' with importer (NativeFormatImporter)
Imported 'GUID: 287564b56ace150448973876edcda557' -> (Import Result ID: 'fa7a10e08450c9a9e30d8bb697ddbd77') in 0.001 seconds [static dependencies only]. Details - ImportResultOutputID=ab0b57ee89e79805dc959d879d597929 DependenciesID=65af195a1da5f1ca3b2b5ccb11e788ec StaticDependenciesID=5deb232aacadb304481078f9b3fe987d 
Refreshing native plugins compatible for Editor in 7.48 ms, found 10 plugins.
Asset Pipeline Refresh (id=e1a0a4a1333cce94ab1409aab18276cd): Total: 0.103 seconds - Initiated by StopAssetImportingV2(NoUpdateAssetOptions)
Importing 'GUID: 924a5dbbed188f549a3f62d85f73ae0a - Path: Assets/AvionesPapelVR/Data/Plane_ZigZag.asset' with importer (NativeFormatImporter)
Imported 'GUID: 924a5dbbed188f549a3f62d85f73ae0a' -> (Import Result ID: '21f7eaeeaf6a554c6ab2d6e953f50794') in 0.001 seconds [static dependencies only]. Details - ImportResultOutputID=ea6baf00c4b2d206221a4561ce55a2a4 DependenciesID=e28ceb2f66595bf65ae7b40ea8ae6aeb StaticDependenciesID=35efb8be1fdbd0f12c74cd9de11137de 
Refreshing native plugins compatible for Editor in 7.54 ms, found 10 plugins.
Asset Pipeline Refresh (id=072f2a3e2e8060a49a46bc0aa830e808): Total: 0.105 seconds - Initiated by StopAssetImportingV2(NoUpdateAssetOptions)
Importing 'GUID: a2c6fd7791b8b45419bc7454d33c1071 - Path: Assets/AvionesPapelVR/Data/Plane_NightHawk.asset' with importer (NativeFormatImporter)
Imported 'GUID: a2c6fd7791b8b45419bc7454d33c1071' -> (Import Result ID: 'c4ef167e50d5e517db00bc09338dfa9a') in 0.001 seconds [static dependencies only]. Details - ImportResultOutputID=c77b810dba254fd854f2585bc99113d2 DependenciesID=bd430725b629588bca14c548726e5867 StaticDependenciesID=f9ad45ea467e560d8abc54c325674876 
Refreshing native plugins compatible for Editor in 7.55 ms, found 10 plugins.
Asset Pipeline Refresh (id=6e7025894e638df48b090b433c8699b4): Total: 0.102 seconds - Initiated by StopAssetImportingV2(NoUpdateAssetOptions)
Importing 'GUID: 20f7df6e1d5fae44596ad34256c1a750 - Path: Assets/AvionesPapelVR/Data/Plane_OrigamiPhoenix.asset' with importer (NativeFormatImporter)
Imported 'GUID: 20f7df6e1d5fae44596ad34256c1a750' -> (Import Result ID: 'cbabf82821b1068bdd8cc848bfd1206d') in 0.001 seconds [static dependencies only]. Details - ImportResultOutputID=6d986a7a0debecbd3bb32ff0105a89f8 DependenciesID=6ac9732dd82f004a58c64e28b886020f StaticDependenciesID=6fbb35efc747efdf687a0932adfea2fc 
Refreshing native plugins compatible for Editor in 7.50 ms, found 10 plugins.
Asset Pipeline Refresh (id=e370b8ee3ff73384e9f259a25e5111ce): Total: 0.104 seconds - Initiated by StopAssetImportingV2(NoUpdateAssetOptions)
Importing 'GUID: 2e0d5c0113974f141a10509956696449 - Path: Assets/AvionesPapelVR/Data/Plane_StormCutter.asset' with importer (NativeFormatImporter)
Imported 'GUID: 2e0d5c0113974f141a10509956696449' -> (Import Result ID: '54467d16e5059f65bed2f7796d188f7b') in 0.001 seconds [static dependencies only]. Details - ImportResultOutputID=188cd247a17fa7da640b1c1014e6ee51 DependenciesID=7425d20e87dd400367265141db400e01 StaticDependenciesID=dcb4e908922ade1dd0d06c24cc63ca8e 
Refreshing native plugins compatible for Editor in 7.42 ms, found 10 plugins.
Asset Pipeline Refresh (id=dc94aa85b001c134eb9c0438aaf98d10): Total: 0.105 seconds - Initiated by StopAssetImportingV2(NoUpdateAssetOptions)
Importing 'GUID: e3711f66daadd1b44b06d26b3a75f746 - Path: Assets/AvionesPapelVR/Data/Plane_PaperFalcon.asset' with importer (NativeFormatImporter)
Imported 'GUID: e3711f66daadd1b44b06d26b3a75f746' -> (Import Result ID: '56b0a44e1a53fdb19369f6d8585a759f') in 0.001 seconds [static dependencies only]. Details - ImportResultOutputID=25f1653182c64176451b9d706cb58601 DependenciesID=7c8a97ce3a2d148953e828c85784d301 StaticDependenciesID=800b2405dbf69c9d9fa1f1d4520163f6 
Refreshing native plugins compatible for Editor in 7.48 ms, found 10 plugins.
Asset Pipeline Refresh (id=f63c900cef45fab4697f6a99068f045d): Total: 0.103 seconds - Initiated by StopAssetImportingV2(NoUpdateAssetOptions)
Importing 'GUID: d4a76d68025988946bf1b15f163a927b - Path: Assets/AvionesPapelVR/Data/Plane_CloudSkimmer.asset' with importer (NativeFormatImporter)
Imported 'GUID: d4a76d68025988946bf1b15f163a927b' -> (Import Result ID: '69113928f08abc5aec74bdb2d9870998') in 0.001 seconds [static dependencies only]. Details - ImportResultOutputID=5867e57de61f7c02c17a925047527ce8 DependenciesID=44455d2e46210005f6a1a5776c880788 StaticDependenciesID=87350673ca0dd239d5f8ca7d131ab4eb 
Refreshing native plugins compatible for Editor in 7.46 ms, found 10 plugins.
Asset Pipeline Refresh (id=aa6a49e769a10da4bb22c8d6dcd1d7e8): Total: 0.103 seconds - Initiated by StopAssetImportingV2(NoUpdateAssetOptions)
Importing 'GUID: cdd53080932b9b449af46801434cc5dc - Path: Assets/AvionesPapelVR/Data/Weapon_PaperBullet.asset' with importer (NativeFormatImporter)
Imported 'GUID: cdd53080932b9b449af46801434cc5dc' -> (Import Result ID: 'e8c74faa1d23bd315178f0590a39ab28') in 0.001 seconds [static dependencies only]. Details - ImportResultOutputID=cd595ef1e41283b482348319e105ef4f DependenciesID=e95b5d4f6522f6016882238ac999299b StaticDependenciesID=5a48a7657cbeac6afb2412a9d27b3563 
Refreshing native plugins compatible for Editor in 7.46 ms, found 10 plugins.
Asset Pipeline Refresh (id=72ee4f8d16ca81642a5177c6c08ded14): Total: 0.105 seconds - Initiated by StopAssetImportingV2(NoUpdateAssetOptions)
Importing 'GUID: 06285df9f54be3644b1b15b55001bdef - Path: Assets/AvionesPapelVR/Data/Weapon_FoldMissile.asset' with importer (NativeFormatImporter)
Imported 'GUID: 06285df9f54be3644b1b15b55001bdef' -> (Import Result ID: 'd3b65128818bafb6de4adfc426770c76') in 0.001 seconds [static dependencies only]. Details - ImportResultOutputID=8b0a9e7053844f7289660c9bc400b743 DependenciesID=4f7d9b5977b5cbac593442bf07cae0fd StaticDependenciesID=aa97e80cb95f294c27a731297602705b 
Refreshing native plugins compatible for Editor in 7.45 ms, found 10 plugins.
Asset Pipeline Refresh (id=c7d699339d690cd4aa51bd31cf025770): Total: 0.102 seconds - Initiated by StopAssetImportingV2(NoUpdateAssetOptions)
Importing 'GUID: f6a068e14440f1a4f9c3ef6b7d43674d - Path: Assets/AvionesPapelVR/Data/Weapon_InkBomb.asset' with importer (NativeFormatImporter)
Imported 'GUID: f6a068e14440f1a4f9c3ef6b7d43674d' -> (Import Result ID: '9a8486f31b86a7c88c39956a590a152a') in 0.001 seconds [static dependencies only]. Details - ImportResultOutputID=86a280a9edce90f82de11e0f275a6a70 DependenciesID=9db3473c2082577328eb4fe8df927fae StaticDependenciesID=d47110ad681cd1243b70f5f94bd7dd6b 
Refreshing native plugins compatible for Editor in 7.47 ms, found 10 plugins.
Asset Pipeline Refresh (id=e6a5b3bd9987eb345abc3d38d13f630b): Total: 0.102 seconds - Initiated by StopAssetImportingV2(NoUpdateAssetOptions)
Importing 'GUID: daef8a4ad6a32274fa265b381618bf40 - Path: Assets/AvionesPapelVR/Data/Weapon_OrigamiShield.asset' with importer (NativeFormatImporter)
Imported 'GUID: daef8a4ad6a32274fa265b381618bf40' -> (Import Result ID: '4fa3e58273e241e8a349970bf9b7f006') in 0.001 seconds [static dependencies only]. Details - ImportResultOutputID=dd206fc0f0f714cb4d44bb7ea1faa6ba DependenciesID=8e77f90cd2234923f39c442d676982c6 StaticDependenciesID=707747e872abe67581db43c36c0a2977 
Refreshing native plugins compatible for Editor in 7.53 ms, found 10 plugins.
Asset Pipeline Refresh (id=0c1607cec32a933468b9bbc284b890aa): Total: 0.102 seconds - Initiated by StopAssetImportingV2(NoUpdateAssetOptions)
Importing 'GUID: cd9b1594ff3ca6945831c89cbf7bdcba - Path: Assets/AvionesPapelVR/Data/PowerUp_Turbo.asset' with importer (NativeFormatImporter)
Imported 'GUID: cd9b1594ff3ca6945831c89cbf7bdcba' -> (Import Result ID: 'a788608116ae7cda976997553db86201') in 0.001 seconds [static dependencies only]. Details - ImportResultOutputID=6e43d8a725dd9304b8fab4a4f39d4499 DependenciesID=0e589ef645ba2448008f0f13953661d5 StaticDependenciesID=2512ae62eb377ea1761f9df39df36c8e 
Refreshing native plugins compatible for Editor in 7.50 ms, found 10 plugins.
Asset Pipeline Refresh (id=70fa6c06b394c804d885fc02df40b0d2): Total: 0.102 seconds - Initiated by StopAssetImportingV2(NoUpdateAssetOptions)
Importing 'GUID: 02647859c614f254dba12921e4e89d16 - Path: Assets/AvionesPapelVR/Data/PowerUp_Shield.asset' with importer (NativeFormatImporter)
Imported 'GUID: 02647859c614f254dba12921e4e89d16' -> (Import Result ID: '291e16cff45ed721c0df9aa9443175b6') in 0.001 seconds [static dependencies only]. Details - ImportResultOutputID=1c1b9f1e832a76581d71323d9e3e6d80 DependenciesID=497e59b134cebc4b9da432860be1749a StaticDependenciesID=5005378c53a023b3f6f08af558667047 
Refreshing native plugins compatible for Editor in 7.65 ms, found 10 plugins.
Asset Pipeline Refresh (id=82cceef3f89c4ee4bb16704f89e45e4d): Total: 0.138 seconds - Initiated by StopAssetImportingV2(NoUpdateAssetOptions)
Importing 'GUID: bd0103cc41e55d74781a10998c3db23c - Path: Assets/AvionesPapelVR/Data/PowerUp_TripleShot.asset' with importer (NativeFormatImporter)
Imported 'GUID: bd0103cc41e55d74781a10998c3db23c' -> (Import Result ID: '3d132000ebeb791ce5c7385a754b720e') in 0.001 seconds [static dependencies only]. Details - ImportResultOutputID=e4dbcc73d34e5616ea6d579b9bf6d6eb DependenciesID=c896403dd46f5fdc47b34d6bfaaacc00 StaticDependenciesID=5297d21087cf656aa5d51f4eca2ee7e9 
Refreshing native plugins compatible for Editor in 7.47 ms, found 10 plugins.
Asset Pipeline Refresh (id=69254e773448edc4e803aed1d8d3b715): Total: 0.101 seconds - Initiated by StopAssetImportingV2(NoUpdateAssetOptions)
[Licensing::Client] Successfully resolved entitlement details
Unloading 0 Unused Serialized files (Serialized files now loaded: 0)
Unloading 635 unused Assets / (0.7 MB). Loaded Objects now: 7555.
Memory consumption went from 424.2 MB to 423.5 MB.
Total: 21.308800 ms (FindLiveObjects: 0.511300 ms CreateObjectMapping: 1.246600 ms MarkObjects: 18.869000 ms  DeleteObjects: 0.680900 ms)

Importing 'GUID: 00249d4db81e70749a8868a70634a898 - Path: Assets/AvionesPapelVR/Data/Plane_DartClassic.asset' with importer (NativeFormatImporter)
Imported 'GUID: 00249d4db81e70749a8868a70634a898' -> (Import Result ID: '0ddcc04b80da8429c1bedbe3dc8a837e') in 0.001 seconds [static dependencies only]. Details - ImportResultOutputID=5f677c8d284e41c6c259c7b626ab9c00 DependenciesID=ce11fca2b5ec1c946187ddef597cf841 StaticDependenciesID=5888d5aa9c35619b0997acad4af8aff0 
Importing 'GUID: 20f7df6e1d5fae44596ad34256c1a750 - Path: Assets/AvionesPapelVR/Data/Plane_OrigamiPhoenix.asset' with importer (NativeFormatImporter)
Imported 'GUID: 20f7df6e1d5fae44596ad34256c1a750' -> (Import Result ID: '7908093d9789f2b38fb062c1950f3999') in 0.001 seconds [static dependencies only]. Details - ImportResultOutputID=6d986a7a0debecbd3bb32ff0105a89f8 DependenciesID=504401f08e5b58fdc69ca087057f692b StaticDependenciesID=87ed30a1f44712274efd271b1d4b1dcb 
Importing 'GUID: 8063d18c602155646b96953d19f2473b - Path: Assets/AvionesPapelVR/Data/Plane_GliderLong.asset' with importer (NativeFormatImporter)
Imported 'GUID: 8063d18c602155646b96953d19f2473b' -> (Import Result ID: '490656dc73a157af5cd6cde06e83fc52') in 0.001 seconds [static dependencies only]. Details - ImportResultOutputID=a512792b362285873ce04d3f67bf691d DependenciesID=2b5f9a4d3b9fc327369a2fec9dadd463 StaticDependenciesID=7f3c53ea22a5a51ae3e143bbbaa74c83 
Importing 'GUID: 02647859c614f254dba12921e4e89d16 - Path: Assets/AvionesPapelVR/Data/PowerUp_Shield.asset' with importer (NativeFormatImporter)
Imported 'GUID: 02647859c614f254dba12921e4e89d16' -> (Import Result ID: '81aeef54702c229a5fd9e670ba64fe06') in 0.001 seconds [static dependencies only]. Details - ImportResultOutputID=1c1b9f1e832a76581d71323d9e3e6d80 DependenciesID=95a25e5f85a8317c3cae917b9ea3a583 StaticDependenciesID=ceb01a6f969aaf77bad61f0542fc3693 
Importing 'GUID: 424df0964358f334f9753fd2c03036fe - Path: Assets/AvionesPapelVR/Data/Plane_DeltaRacer.asset' with importer (NativeFormatImporter)
Imported 'GUID: 424df0964358f334f9753fd2c03036fe' -> (Import Result ID: '44aa1dd9717a74db7be899a36a9ad7c4') in 0.001 seconds [static dependencies only]. Details - ImportResultOutputID=95507bfdc5c33d43716d7d39e64d54b5 DependenciesID=5597baaffe7a9deb1518975c7b56bb56 StaticDependenciesID=5dc0df7a4aaa8b9b65283773c70db5d7 
Importing 'GUID: 924a5dbbed188f549a3f62d85f73ae0a - Path: Assets/AvionesPapelVR/Data/Plane_ZigZag.asset' with importer (NativeFormatImporter)
Imported 'GUID: 924a5dbbed188f549a3f62d85f73ae0a' -> (Import Result ID: 'bfea1625fe087bfc2224023252309a7f') in 0.001 seconds [static dependencies only]. Details - ImportResultOutputID=ea6baf00c4b2d206221a4561ce55a2a4 DependenciesID=4e25a8826f0a2d5e22ef55c86915d19b StaticDependenciesID=8c9665b1bc9a81526fc006dadcaff7d6 
Importing 'GUID: a2c6fd7791b8b45419bc7454d33c1071 - Path: Assets/AvionesPapelVR/Data/Plane_NightHawk.asset' with importer (NativeFormatImporter)
Imported 'GUID: a2c6fd7791b8b45419bc7454d33c1071' -> (Import Result ID: 'cd297a246e13fc7b98212a4d9687ac23') in 0.001 seconds [static dependencies only]. Details - ImportResultOutputID=c77b810dba254fd854f2585bc99113d2 DependenciesID=96bdca0fa973d4ea3723fc9042dcfd25 StaticDependenciesID=cb62b30f133b2e79344d00b475bfd3b8 
Importing 'GUID: e3711f66daadd1b44b06d26b3a75f746 - Path: Assets/AvionesPapelVR/Data/Plane_PaperFalcon.asset' with importer (NativeFormatImporter)
Imported 'GUID: e3711f66daadd1b44b06d26b3a75f746' -> (Import Result ID: 'e7a14f73fb9200e18defd1997a59dc14') in 0.001 seconds [static dependencies only]. Details - ImportResultOutputID=25f1653182c64176451b9d706cb58601 DependenciesID=1d8c1f2a55d77d23a26bc3f947ee29dd StaticDependenciesID=fde398de82eef7dafe626c2b3dc3709d 
Importing 'GUID: d4a76d68025988946bf1b15f163a927b - Path: Assets/AvionesPapelVR/Data/Plane_CloudSkimmer.asset' with importer (NativeFormatImporter)
Imported 'GUID: d4a76d68025988946bf1b15f163a927b' -> (Import Result ID: '1b3f3c580cea632b6237308f8d2c171f') in 0.001 seconds [static dependencies only]. Details - ImportResultOutputID=5867e57de61f7c02c17a925047527ce8 DependenciesID=1d8f7f1aaac4772b08601b81c40f6102 StaticDependenciesID=f04c5f93415233190f0575c064d8ed34 
Importing 'GUID: 06285df9f54be3644b1b15b55001bdef - Path: Assets/AvionesPapelVR/Data/Weapon_FoldMissile.asset' with importer (NativeFormatImporter)
Imported 'GUID: 06285df9f54be3644b1b15b55001bdef' -> (Import Result ID: 'b32d762038ca2071f850bc5d27ae96a3') in 0.001 seconds [static dependencies only]. Details - ImportResultOutputID=8b0a9e7053844f7289660c9bc400b743 DependenciesID=c56cdb475a0c82a113c6501ba91ab470 StaticDependenciesID=920f2091e759e3acae5798fb4abb309d 
Importing 'GUID: f6a068e14440f1a4f9c3ef6b7d43674d - Path: Assets/AvionesPapelVR/Data/Weapon_InkBomb.asset' with importer (NativeFormatImporter)
Imported 'GUID: f6a068e14440f1a4f9c3ef6b7d43674d' -> (Import Result ID: '383f8a5329387d6fb24792f94ab7cb8a') in 0.001 seconds [static dependencies only]. Details - ImportResultOutputID=86a280a9edce90f82de11e0f275a6a70 DependenciesID=aee8a06a8eebf0eff712665e88cdf87a StaticDependenciesID=2f90822c28795a3686d0d8096a988661 
Importing 'GUID: 287564b56ace150448973876edcda557 - Path: Assets/AvionesPapelVR/Data/Plane_HeavyBomber.asset' with importer (NativeFormatImporter)
Imported 'GUID: 287564b56ace150448973876edcda557' -> (Import Result ID: 'cd045153640ad009cd066a6faa795514') in 0.001 seconds [static dependencies only]. Details - ImportResultOutputID=ab0b57ee89e79805dc959d879d597929 DependenciesID=7887a527ec23cae793dee7f79889ece5 StaticDependenciesID=07229c41011578602e54c775902f885e 
Importing 'GUID: daef8a4ad6a32274fa265b381618bf40 - Path: Assets/AvionesPapelVR/Data/Weapon_OrigamiShield.asset' with importer (NativeFormatImporter)
Imported 'GUID: daef8a4ad6a32274fa265b381618bf40' -> (Import Result ID: 'f74d0c3c1d565405058c4087483f6af1') in 0.001 seconds [static dependencies only]. Details - ImportResultOutputID=dd206fc0f0f714cb4d44bb7ea1faa6ba DependenciesID=1fb88a38ec4d587ec63aab4010977870 StaticDependenciesID=d1156166ae5cf382350173e9924fd3c0 
Importing 'GUID: db87d728fee0acc4ebb618ba1cb0ff8b - Path: Assets/AvionesPapelVR/Data/Plane_ArrowSwift.asset' with importer (NativeFormatImporter)
Imported 'GUID: db87d728fee0acc4ebb618ba1cb0ff8b' -> (Import Result ID: '991a5c7238c6a5958156ee9bb341cce8') in 0.001 seconds [static dependencies only]. Details - ImportResultOutputID=b15ebec677c937459050bb1977f6754c DependenciesID=839186962f06837b5249c3a9bdba1227 StaticDependenciesID=3ad3bfbe32e15f2c6747e11468083e34 
Importing 'GUID: 6cc176e3e45687943a8e5b9a4b5e95d8 - Path: Assets/AvionesPapelVR/Data/Plane_CanardAce.asset' with importer (NativeFormatImporter)
Imported 'GUID: 6cc176e3e45687943a8e5b9a4b5e95d8' -> (Import Result ID: '30babda1d19411d079be2d1106cbac6d') in 0.001 seconds [static dependencies only]. Details - ImportResultOutputID=8a2e548ebc2af0c21cfca4b248f24726 DependenciesID=23b113b80973da917eb00043f33873ce StaticDependenciesID=ada9062586cca2f7e7c60f8e24a7aca5 
Importing 'GUID: bd0103cc41e55d74781a10998c3db23c - Path: Assets/AvionesPapelVR/Data/PowerUp_TripleShot.asset' with importer (NativeFormatImporter)
Imported 'GUID: bd0103cc41e55d74781a10998c3db23c' -> (Import Result ID: 'd5aeb9eccd990b0bcb890a7f20e07c81') in 0.001 seconds [static dependencies only]. Details - ImportResultOutputID=e4dbcc73d34e5616ea6d579b9bf6d6eb DependenciesID=358d4a4c7e875a569e084f0eae45fb07 StaticDependenciesID=4151ee0a31dba68aad8c36f8873afbc8 
Importing 'GUID: cdd53080932b9b449af46801434cc5dc - Path: Assets/AvionesPapelVR/Data/Weapon_PaperBullet.asset' with importer (NativeFormatImporter)
Imported 'GUID: cdd53080932b9b449af46801434cc5dc' -> (Import Result ID: 'aed09d6aa85600e819daf2c23a030633') in 0.001 seconds [static dependencies only]. Details - ImportResultOutputID=cd595ef1e41283b482348319e105ef4f DependenciesID=bb0d39941a3f8fe137d82cd7dbc0a32a StaticDependenciesID=05360f96854229505f238dc81c4ab126 
Importing 'GUID: cd9b1594ff3ca6945831c89cbf7bdcba - Path: Assets/AvionesPapelVR/Data/PowerUp_Turbo.asset' with importer (NativeFormatImporter)
Imported 'GUID: cd9b1594ff3ca6945831c89cbf7bdcba' -> (Import Result ID: 'a77e508a3a312f8c8a6350921a0ab626') in 0.001 seconds [static dependencies only]. Details - ImportResultOutputID=6e43d8a725dd9304b8fab4a4f39d4499 DependenciesID=7f43640b8414645c14e7172e976d6825 StaticDependenciesID=dd1aa8447f4963ed73473adc11f0a0af 
Importing 'GUID: 2e0d5c0113974f141a10509956696449 - Path: Assets/AvionesPapelVR/Data/Plane_StormCutter.asset' with importer (NativeFormatImporter)
Imported 'GUID: 2e0d5c0113974f141a10509956696449' -> (Import Result ID: 'f5a4b0118b3453a9330128f335f3c394') in 0.001 seconds [static dependencies only]. Details - ImportResultOutputID=188cd247a17fa7da640b1c1014e6ee51 DependenciesID=67b806a4fb050a143657cc3a8e0900db StaticDependenciesID=ceba5c2127a69bde8ff63d28787daecc 
Refreshing native plugins compatible for Editor in 7.89 ms, found 10 plugins.
Asset Pipeline Refresh (id=34e63c050d61dfd4f96c5885389220ba): Total: 0.130 seconds - Initiated by StopAssetImportingV2(NoUpdateAssetOptions)
Importing 'GUID: 60b3a9a0ca225c44ebf3cd5e794ee4d1 - Path: Assets/AvionesPapelVR/Scenes/Showcase_Assets.unity' with importer (DefaultImporter)
Imported 'GUID: 60b3a9a0ca225c44ebf3cd5e794ee4d1' -> (Import Result ID: 'f42949a6b6d1544456528fdc102cde11') in 0.002 seconds [static dependencies only]. Details - ImportResultOutputID=02a2dcab1a86617573ba33f3f6fdf001 DependenciesID=c71877b315809da7717263f03d71a240 StaticDependenciesID=0720678e012dd79e80f95527b7e200c8 
Refreshing native plugins compatible for Editor in 8.02 ms, found 10 plugins.
Asset Pipeline Refresh (id=92cbd5c9cbdbe2a41b7eca61a6fda58c): Total: 0.106 seconds - Initiated by StopAssetImportingV2(NoUpdateAssetOptions)
Importing 'GUID: fc21e23e20aff864d8b8718ce80b5ecb - Path: Assets/AvionesPapelVR/Data/_assets_built.marker' with importer (DefaultImporter)
Imported 'GUID: fc21e23e20aff864d8b8718ce80b5ecb' -> (Import Result ID: '732db8bdb88f8ca783c3ca5437fe739b') in 0.054 seconds [static dependencies only]. Details - ImportResultOutputID=63eede8365971175d674baf8b49dc135 DependenciesID=63ed6042a9970daf64c0499ce293a3ce StaticDependenciesID=636be58289fe45a58ac708df700c63d6 
Refreshing native plugins compatible for Editor in 7.49 ms, found 10 plugins.
Asset Pipeline Refresh (id=6b60d4930ad503c40a2d52564fae056f): Total: 0.207 seconds - Initiated by RefreshV2(NoUpdateAssetOptions)
[AvionesPapelVR] Assets generados automáticamente → Assets/AvionesPapelVR/Scenes/Showcase_Assets.unity
UnityEngine.Debug:ExtractStackTraceNoAlloc (byte*,int,string)
UnityEngine.StackTraceUtility:ExtractStackTrace ()
UnityEngine.DebugLogHandler:Internal_Log (UnityEngine.LogType,UnityEngine.LogOption,string,UnityEngine.Object)
UnityEngine.DebugLogHandler:LogFormat (UnityEngine.LogType,UnityEngine.Object,string,object[])
UnityEngine.Logger:Log (UnityEngine.LogType,object)
UnityEngine.Debug:Log (object)
AvionesPapelVR.Editor.AvionesPapelAssetBuilder:BuildAll (bool) (at Assets/AvionesPapelVR/Scripts/Editor/AvionesPapelAssetBuilder.cs:126)
AvionesPapelVR.Editor.AvionesPapelAssetBuilder:BuildAllBatch () (at Assets/AvionesPapelVR/Scripts/Editor/AvionesPapelAssetBuilder.cs:78)

(Filename: Assets/AvionesPapelVR/Scripts/Editor/AvionesPapelAssetBuilder.cs Line: 126)

MonoPathRemapper: Attempts to remap: 27978; Successful remaps: 0
Serialized file version minimum: 22, current 23
AcceleratorClientConnectionCallback - disconnected - :0
Importing 'GUID: 0000000000000000b000000000000000 - Path: ProjectSettings/EditorBuildSettings.asset' with importer (LibraryAssetImporter)
Imported 'GUID: 0000000000000000b000000000000000' -> (Import Result ID: '7791a31c755d5e7e7784a81ca3b2f9ee') in 0.001 seconds [static dependencies only]. Details - ImportResultOutputID=4647dd083cfc32cebcd7526e8846440c DependenciesID=a34a53ee21f1fcf18bf2ac6d07d64531 StaticDependenciesID=357c8d017465efb09d7fe42926483cad 
Refreshing native plugins compatible for Editor in 7.74 ms, found 10 plugins.
Asset Pipeline Refresh (id=c04cf0e05269e444da0cf65bffe2ea7d): Total: 0.101 seconds - Initiated by StopAssetImportingV2(NoUpdateAssetOptions)
[Physics::Module] Cleanup current backend.
[Physics::Module] Id: 0xf2b8ea05
Input System module state changed to: ShutdownInProgress.
Input Polling Thread exited.
Input System module state changed to: Shutdown.
[Licensing::IpcConnector] LicenseClient-Estudiante-6000.5.6-notifications channel disconnected successfully.
[Licensing::IpcConnector] LicenseClient-Estudiante-6000.5.6 channel disconnected successfully.
AcceleratorClientConnectionCallback - disconnected - :0
Cleanup mono
CodeReloadManager destroyed
Checking for leaked weakptr:
  Found no leaked weakptrs.
[Package Manager] Server process was shutdown
##utp:{"type":"MemoryLeaks","version":2,"phase":"Immediate","time":1789487042599,"processId":16388,"allocatedMemory":17503372,"memoryLabels":[{"Default":236448},{"Permanent":15516},{"NewDelete":66123},{"Thread":4197560},{"Manager":30853},{"VertexData":8},{"Geometry":816},{"Texture":24},{"Shader":855510},{"Material":24},{"GfxDevice":55328},{"Animation":952},{"Audio":368},{"FreeType":8},{"FontEngine":736},{"Physics":2146},{"Physics2D":16},{"Serialization":28864},{"Input":42840},{"JobScheduler":256},{"TextLib":280},{"Mono":48},{"MonoCode":64},{"ScriptingNativeRuntime":1780740},{"BaseObject":1623136},{"Resource":1208},{"Renderer":3080},{"Transform":4685},{"File":15885},{"WebCam":616},{"Culling":32},{"Terrain":11442},{"Wind":24},{"STL":40},{"String":129495},{"StaticString":3808},{"Utility":2672422},{"Curl":2498},{"PoolAlloc":2264},{"AI":80},{"TypeTree":17165},{"CodeReload":448},{"RuntimeInitializeOnLoadManager":64},{"Sprites":102},{"SpriteAtlas":120},{"GI":7816},{"Director":8296},{"CloudService":52568},{"WebRequest":552},{"VR":47546},{"SceneManager":608},{"Video":64},{"LazyScriptCache":32},{"Camera":17},{"Secure":2377},{"SerializationCache":1576},{"APIUpdating":10320},{"VirtualTexturing":57888},{"StaticSafetyDebugInfo":278528},{"Analytics":552},{"Hierarchy":1176},{"UIElements":72},{"CoreStats":13688},{"Identifiers":6768},{"Gui":128},{"EditorUtility":131179},{"VersionControl":8},{"Undo":931},{"AssetDatabase":5020759},{"AssetImporter":40},{"EditorGi":328},{"UnityConnect":38905},{"Upm":1912},{"UpmDiagnostics":8},{"AssetCompliance":64},{"DrivenProperties":72},{"LocalIPC":216},{"ProfilerEditor":9746},{"CoreBusinessMetrics":3506},{"Windowing":456},{"Licensing":664},{"AssetReference":32},{"IPCStream":32}]}
~StackAllocator(ALLOC_TEMP_MAIN) m_LastAlloc not NULL. Did you forget to call FreeAllStackAllocations()? To get more information, run app with -diag-temp-memory-leak-validation cmd line argument
